Last_Modified,Link,FB_Shares,FB_Comments
2017-01-12T12:54:46+0000,https://www.skyscanner.net/hotels,3,0
2017-03-14T18:55:13+0000,https://www.skyscanner.net/all-hotels.html,25701,0
2017-03-14T18:55:13+0000,https://www.skyscanner.net/airline/airline-easyjet-ezy.html,25701,0
2017-03-10T08:12:02+0000,https://www.skyscanner.net/carhire,5,0
2017-03-14T18:55:13+0000,https://www.skyscanner.net/airline/airline-ikar-airlines-ik.html,25701,0
2017-03-14T18:55:13+0000,https://www.skyscanner.net/flights-to/cheap-flights-to-countries-all.html,25701,0
2017-03-14T18:55:13+0000,https://www.skyscanner.net/airline/airline-rayani-air-rn.html,25701,0
2017-03-14T18:55:13+0000,https://www.skyscanner.net/airline/airline-pia-pk.html,25701,0
2017-03-14T18:55:13+0000,https://www.skyscanner.net/airline/airline-delta-dl.html,25701,0
2017-03-14T18:55:13+0000,https://www.skyscanner.net/airline/airline-iberia-ib.html,25701,0
2017-03-14T18:55:13+0000,https://www.skyscanner.net/airline/airline-garuda-indonesia-ga.html,25701,0
2017-03-14T18:55:13+0000,https://www.skyscanner.net/airline/airline-korean-air-ke.html,25701,0
2017-03-14T18:55:13+0000,https://www.skyscanner.net/airline/airline-latam-airlines-brasil-jj.html,25701,0
2017-03-14T18:55:13+0000,https://www.skyscanner.net/airline/airline-south-african-airways-sa.html,25701,0
2017-03-14T18:55:13+0000,https://www.skyscanner.net/airline/airline-air-prishtina-67.html,25701,0
2017-03-14T18:55:13+0000,https://www.skyscanner.net/airline/airline-amaszonas-z8.html,25701,0
2017-03-14T18:55:13+0000,https://www.skyscanner.net/,25701,0
2017-03-14T18:55:13+0000,https://www.skyscanner.net/airline/airline-emirates-ek.html,25701,0
2017-03-14T18:55:13+0000,https://www.skyscanner.net/airline/airline-jeju-air-7c.html,25701,0
2017-03-14T18:55:13+0000,https://www.skyscanner.net/airline/airline-airkenya-qp.html,25701,0
2017-03-14T18:55:13+0000,https://www.skyscanner.net/airline/airline-air-india-ai.html,25701,0
2017-03-14T18:55:13+0000,https://www.skyscanner.net/airline/airline-british-airways-ba.html,25701,0
2017-03-14T18:55:13+0000,https://www.skyscanner.net/airline/airline-smart-wings-qs.html,25701,0
2017-03-14T18:55:13+0000,https://www.skyscanner.net/airline/airline-thomas-cook-airlines-tcx.html,25701,0
2017-03-14T18:55:13+0000,https://www.skyscanner.net/airline/airline-united-airways-bangladesh-4h.html,25701,0
2017-03-14T18:55:13+0000,https://www.skyscanner.net/airline/airline-american-airlines-aa.html,25701,0
2017-03-14T18:55:13+0000,https://www.skyscanner.net/airline/airline-china-airlines-ci.html,25701,0
2017-03-14T18:55:13+0000,https://www.skyscanner.net/airlines-all.html,25701,0
2017-03-14T18:55:13+0000,https://www.skyscanner.net/airline/airline-china-southern-cz.html,25701,0
2017-03-14T18:55:13+0000,https://www.skyscanner.net/airline/airline-aer-lingus-ei.html,25701,0
2017-03-14T18:55:13+0000,https://www.skyscanner.net/airline/airline-thomson-airways-tom.html,25701,0
2017-03-14T18:55:13+0000,https://www.skyscanner.net/airline/airline-s7-airlines-s7.html,25701,0
2017-03-14T18:55:13+0000,https://www.skyscanner.net/airline/airline-royal-brunei-bi.html,25701,0
2017-03-14T18:55:13+0000,https://www.skyscanner.net/airline/airline-air-arabia-g9.html,25701,0
2017-03-14T18:55:13+0000,https://www.skyscanner.net/airline/airline-air-algerie-ah.html,25701,0
2017-03-14T18:55:13+0000,https://www.skyscanner.net/airline/airline-ryanair-fr.html,25701,0
2016-09-14T14:55:08+0000,https://www.skyscanner.net/airline/airline-qatar-airways-qr.html,0,0
2017-03-08T17:05:51+0000,https://www.skyscanner.net/mobile.html,115,0
2017-03-14T18:55:13+0000,https://www.skyscanner.net/flights-to/cheap-flights-to-cities-all.html,25701,0
2017-03-14T18:55:13+0000,https://www.skyscanner.net/airline/airline-sas-sk.html,25701,0
2017-03-14T18:55:13+0000,https://www.skyscanner.net/airline/airline-caribbean-airlines-bw.html,25701,0
2017-03-14T18:55:13+0000,https://www.skyscanner.net/airline/airline-brussels-airlines-sn.html,25701,0
2017-03-14T18:55:13+0000,https://www.skyscanner.net/airline/airline-sun-country-airlines-sy.html,25701,0
2017-03-14T18:55:13+0000,https://www.skyscanner.net/airline/airline-china-eastern-mu.html,25701,0
2017-03-14T18:55:13+0000,https://www.skyscanner.net/airline/airline-asiana-airlines-oz.html,25701,0
2017-03-14T18:55:13+0000,https://www.skyscanner.net/airline/airline-turkish-airlines-tk.html,25701,0
2017-03-14T18:55:13+0000,https://www.skyscanner.net/airline/airline-etihad-airways-ey.html,25701,0
2017-03-14T18:55:13+0000,https://www.skyscanner.net/airline/airline-motor-sich-airlines-m9.html,25701,0
2017-03-14T18:55:13+0000,https://www.skyscanner.net/airline/airline-pegasus-airlines-pc.html,25701,0
2017-03-14T18:55:13+0000,https://www.skyscanner.net/airline/airline-japan-airlines-jl.html,25701,0
2017-03-14T18:55:13+0000,https://www.skyscanner.net/airline/airline-shaheen-air-nl.html,25701,0
2017-03-14T18:55:13+0000,https://www.skyscanner.net/airline/airline-lufthansa-lh.html,25701,0
2017-03-14T18:55:13+0000,https://www.skyscanner.net/airline/airline-air-burkina-2j.html,25701,0
2017-03-14T18:55:13+0000,https://www.skyscanner.net/airline/airline-ural-airlines-u6.html,25701,0
2017-03-14T18:55:13+0000,https://www.skyscanner.net/airline/airline-windrose-7w.html,25701,0
2017-03-14T18:55:13+0000,https://www.skyscanner.net/airline/airline-air-berlin-ab.html,25701,0
2017-03-14T18:55:13+0000,https://www.skyscanner.net/airline/airline-jet2-ls.html,25701,0
2017-03-14T18:55:13+0000,https://www.skyscanner.net/airline/airline-air-zimbabwe-um.html,25701,0
2017-03-14T18:55:13+0000,https://www.skyscanner.net/airline/airline-air-europa-ux.html,25701,0
2017-03-14T18:55:13+0000,https://www.skyscanner.net/airline/airline-belavia-b2.html,25701,0
2017-03-14T18:55:13+0000,https://www.skyscanner.net/airline/airline-virgin-atlantic-vs.html,25701,0
2017-03-14T18:55:13+0000,https://www.skyscanner.net/airline/airline-aegean-airlines-a3.html,25701,0
2017-03-14T18:55:13+0000,https://www.skyscanner.net/airline/airline-chalair-ce.html,25701,0
2017-03-14T18:55:13+0000,https://www.skyscanner.net/airline/airline-avianca-av.html,25701,0
2017-03-14T18:55:13+0000,https://www.skyscanner.net/airline/airline-singapore-airlines-sq.html,25701,0
2017-03-14T18:55:13+0000,https://www.skyscanner.net/airline/airline-wizz-air-w6.html,25701,0
2017-03-14T18:55:13+0000,https://www.skyscanner.net/airline/airline-air-canada-ac.html,25701,0
2017-03-14T18:55:13+0000,https://www.skyscanner.net/airline/airline-biman-bangladesh-airlines-bg.html,25701,0
2017-03-14T18:55:13+0000,https://www.skyscanner.net/airline/airline-royal-air-maroc-at.html,25701,0
2017-03-14T18:55:13+0000,https://www.skyscanner.net/airline/airline-thai-airways-tg.html,25701,0
2017-03-14T18:55:13+0000,https://www.skyscanner.net/airline/airline-olympic-air-oa.html,25701,0
2017-03-14T18:55:13+0000,https://www.skyscanner.net/airline/airline-sky-airline-h2.html,25701,0
2017-03-14T18:55:13+0000,https://www.skyscanner.net/airline/airline-iranair-ir.html,25701,0
2017-03-14T18:55:13+0000,https://www.skyscanner.net/airline/airline-blue-air-0b.html,25701,0
2017-03-14T18:55:13+0000,https://www.skyscanner.net/guides/all-guides.html,25701,0
2017-03-14T18:55:13+0000,https://www.skyscanner.net/airline/airline-wideroe-wf.html,25701,0
2017-03-14T18:55:13+0000,https://www.skyscanner.net/airline/airline-nile-air-np.html,25701,0
2017-03-14T18:55:13+0000,https://www.skyscanner.net/airline/airline-flybe-be.html,25701,0
2017-03-14T18:55:13+0000,https://www.skyscanner.net/airline/airline-regional-express-zl.html,25701,0
2017-03-14T18:55:13+0000,https://www.skyscanner.net/flights-to/e/airlines-to-europe.html,25701,0
2017-03-09T20:55:59+0000,https://www.skyscanner.net/airline/airline-aigle-azur-zi.html,65545,0
2017-03-14T18:55:13+0000,https://www.skyscanner.net/airline/airline-air-labrador-wj.html,25701,0
2017-03-14T18:55:13+0000,https://www.skyscanner.net/flights-to/n/airlines-to-north-america.html,25701,0
2017-03-14T18:55:13+0000,https://www.skyscanner.net/flights-to/s/airlines-to-south-america.html,25701,0
2017-03-14T18:55:13+0000,https://www.skyscanner.net/flights-to/uk/airlines-that-fly-to-united-kingdom.html,25701,0
2017-03-14T18:55:13+0000,https://www.skyscanner.net/flights-to/es/airlines-that-fly-to-spain.html,25701,0
2017-03-14T18:55:13+0000,https://www.skyscanner.net/flights-to/it/airlines-that-fly-to-italy.html,25701,0
2017-03-14T18:55:13+0000,https://www.skyscanner.net/flights-to/ie/airlines-that-fly-to-ireland.html,25701,0
2017-03-14T18:55:13+0000,https://www.skyscanner.net/flights-to/se/airlines-that-fly-to-sweden.html,25701,0
2017-03-14T18:55:13+0000,https://www.skyscanner.net/flights-to/us/airlines-that-fly-to-united-states.html,25701,0
2017-03-14T18:55:13+0000,https://www.skyscanner.net/flights-to/pt/airlines-that-fly-to-portugal.html,25701,0
2017-03-14T18:55:13+0000,https://www.skyscanner.net/flights-to/cz/airlines-that-fly-to-czech-republic.html,25701,0
2017-03-14T18:55:13+0000,https://www.skyscanner.net/flights-to/ro/airlines-that-fly-to-romania.html,25701,0
2017-03-14T18:55:13+0000,https://www.skyscanner.net/flights-to/ua/airlines-that-fly-to-ukraine.html,25701,0
2017-03-14T18:55:13+0000,https://www.skyscanner.net/flights-to/th/airlines-that-fly-to-thailand.html,25701,0
2017-03-14T18:55:13+0000,https://www.skyscanner.net/flights-to/ca/airlines-that-fly-to-canada.html,25701,0
2017-03-14T18:55:13+0000,https://www.skyscanner.net/flights-to/jp/airlines-that-fly-to-japan.html,25701,0
2017-03-14T18:55:13+0000,https://www.skyscanner.net/flights-to/cy/airlines-that-fly-to-cyprus.html,25701,0
2017-03-14T18:55:13+0000,https://www.skyscanner.net/flights-to/ee/airlines-that-fly-to-estonia.html,25701,0
2017-03-14T18:55:13+0000,https://www.skyscanner.net/flights-to/tw/airlines-that-fly-to-taiwan.html,25701,0
2017-03-14T18:55:13+0000,https://www.skyscanner.net/flights-to/ar/airlines-that-fly-to-argentina.html,25701,0
2017-03-14T18:55:13+0000,https://www.skyscanner.net/flights-to/br/airlines-that-fly-to-brazil.html,25701,0
2017-03-14T18:55:13+0000,https://www.skyscanner.net/flights-to/za/airlines-that-fly-to-south-africa.html,25701,0
2017-03-14T18:55:13+0000,https://www.skyscanner.net/flights-to/au/airlines-that-fly-to-australia.html,25701,0
2017-03-14T18:55:13+0000,https://www.skyscanner.net/flights-to/cl/airlines-that-fly-to-chile.html,25701,0
2017-03-14T18:55:13+0000,https://www.skyscanner.net/flights-to/ph/airlines-that-fly-to-philippines.html,25701,0
2017-03-14T18:55:13+0000,https://www.skyscanner.net/flights-to/nz/airlines-that-fly-to-new-zealand.html,25701,0
2017-03-14T18:55:13+0000,https://www.skyscanner.net/flights-to/vn/airlines-that-fly-to-vietnam.html,25701,0
2017-03-14T18:55:13+0000,https://www.skyscanner.net/flights-to/ke/airlines-that-fly-to-kenya.html,25701,0
2017-03-14T18:55:13+0000,https://www.skyscanner.net/flights-to/me/airlines-that-fly-to-montenegro.html,25701,0
2017-03-14T18:55:13+0000,https://www.skyscanner.net/flights-to/am/airlines-that-fly-to-armenia.html,25701,0
2017-03-14T18:55:13+0000,https://www.skyscanner.net/flights-to/bs/airlines-that-fly-to-bahamas.html,25701,0
2017-03-14T18:55:13+0000,https://www.skyscanner.net/flights-to/ge/airlines-that-fly-to-georgia.html,25701,0
2017-03-14T18:55:13+0000,https://www.skyscanner.net/flights-to/pk/airlines-that-fly-to-pakistan.html,25701,0
2017-03-14T18:55:13+0000,https://www.skyscanner.net/flights-to/gh/airlines-that-fly-to-ghana.html,25701,0
2017-03-14T18:55:13+0000,https://www.skyscanner.net/flights-to/lk/airlines-that-fly-to-sri-lanka.html,25701,0
2017-03-14T18:55:13+0000,https://www.skyscanner.net/flights-to/tn/airlines-that-fly-to-tunisia.html,25701,0
2017-03-14T18:55:13+0000,https://www.skyscanner.net/flights-to/tz/airlines-that-fly-to-tanzania.html,25701,0
2017-03-14T18:55:13+0000,https://www.skyscanner.net/flights-to/sy/airlines-that-fly-to-syria.html,25701,0
2017-03-14T18:55:13+0000,https://www.skyscanner.net/flights-to/et/airlines-that-fly-to-ethiopia.html,25701,0
2017-03-14T18:55:13+0000,https://www.skyscanner.net/flights-to/cu/airlines-that-fly-to-cuba.html,25701,0
2017-03-14T18:55:13+0000,https://www.skyscanner.net/flights-to/pg/airlines-that-fly-to-papua-new-guinea.html,25701,0
2017-03-14T18:55:13+0000,https://www.skyscanner.net/flights-to/cv/airlines-that-fly-to-cape-verde.html,25701,0
2017-03-14T18:55:13+0000,https://www.skyscanner.net/flights-to/uy/airlines-that-fly-to-uruguay.html,25701,0
2017-03-14T18:55:13+0000,https://www.skyscanner.net/flights-to/zw/airlines-that-fly-to-zimbabwe.html,25701,0
2017-03-14T18:55:13+0000,https://www.skyscanner.net/flights-to/la/airlines-that-fly-to-laos.html,25701,0
2017-03-14T18:55:13+0000,https://www.skyscanner.net/flights-to/engla/airlines-that-fly-to-england.html,25701,0
2017-03-14T18:55:13+0000,https://www.skyscanner.net/flights-to/ec/airlines-that-fly-to-ecuador.html,25701,0
2017-03-14T18:55:13+0000,https://www.skyscanner.net/airline/airline-cebu-pacific-5j.html,25701,0
2017-03-14T18:55:13+0000,https://www.skyscanner.net/flights-to/s_dak/airlines-that-fly-to-south-dakota.html,25701,0
2017-03-14T18:55:13+0000,https://www.skyscanner.net/flights-to/texas/airlines-that-fly-to-texas.html,25701,0
2017-03-14T18:55:13+0000,https://www.skyscanner.net/flights-to/lond/airlines-that-fly-to-london.html,25701,0
2017-03-14T18:55:13+0000,https://www.skyscanner.net/flights-to/rome/airlines-that-fly-to-rome.html,25701,0
2017-03-14T18:55:13+0000,https://www.skyscanner.net/flights-to/mosc/airlines-that-fly-to-moscow.html,25701,0
2017-03-14T18:55:13+0000,https://www.skyscanner.net/flights-to/pari/airlines-that-fly-to-paris.html,25701,0
2017-03-14T18:55:13+0000,https://www.skyscanner.net/flights-to/nyca/airlines-that-fly-to-new-york.html,25701,0
2017-03-14T18:55:13+0000,https://www.skyscanner.net/flights-to/stoc/airlines-that-fly-to-stockholm.html,25701,0
2017-03-14T18:55:13+0000,https://www.skyscanner.net/flights-to/berl/airlines-that-fly-to-berlin.html,25701,0
2017-03-14T18:55:13+0000,https://www.skyscanner.net/flights-to/tene/airlines-that-fly-to-tenerife.html,25701,0
2017-03-14T18:55:13+0000,https://www.skyscanner.net/flights-to/oslo/airlines-that-fly-to-oslo.html,25701,0
2017-03-14T18:55:13+0000,https://www.skyscanner.net/flights-to/bkkt/airlines-that-fly-to-bangkok.html,25701,0
2017-03-14T18:55:13+0000,https://www.skyscanner.net/flights-to/tela/airlines-that-fly-to-tel-aviv.html,25701,0
2017-03-14T18:55:13+0000,https://www.skyscanner.net/flights-to/bjsa/airlines-that-fly-to-beijing.html,25701,0
2017-03-14T18:55:13+0000,https://www.skyscanner.net/flights-to/buea/airlines-that-fly-to-buenos-aires.html,25701,0
2017-03-14T18:55:13+0000,https://www.skyscanner.net/flights-to/abruz/airlines-that-fly-to-abruzzo.html,25701,0
2017-03-14T18:55:13+0000,https://www.skyscanner.net/flights-to/reyk/airlines-that-fly-to-reykjavik.html,25701,0
2017-03-14T18:55:13+0000,https://www.skyscanner.net/flights-to/sjoa/airlines-that-fly-to-san-jose.html,25701,0
2017-03-14T18:55:13+0000,https://www.skyscanner.net/flights-to/nboa/airlines-that-fly-to-nairobi.html,25701,0
2017-03-14T18:55:13+0000,https://www.skyscanner.net/flights-to/alex/airlines-that-fly-to-alexandria.html,25701,0
2017-03-14T18:55:13+0000,https://www.skyscanner.net/flights-to/cmba/airlines-that-fly-to-colombo.html,25701,0
2017-03-14T18:55:13+0000,https://www.skyscanner.net/flights-to/umbri/airlines-that-fly-to-umbria.html,25701,0
2017-03-14T18:55:13+0000,https://www.skyscanner.net/flights-to/lgw/airlines-that-fly-to-london-gatwick-airport.html,25701,0
2017-03-14T18:55:13+0000,https://www.skyscanner.net/flights-to/dub/airlines-that-fly-to-dublin-airport.html,25701,0
2017-03-14T18:55:13+0000,https://www.skyscanner.net/flights-to/ams/airlines-that-fly-to-amsterdam-airport.html,25701,0
2017-03-14T18:55:13+0000,https://www.skyscanner.net/flights-to/edi/airlines-that-fly-to-edinburgh-airport.html,25701,0
2017-03-14T18:55:13+0000,https://www.skyscanner.net/flights-to/led/airlines-that-fly-to-st-petersburg-pulkovo-airport.html,25701,0
2017-03-14T18:55:13+0000,https://www.skyscanner.net/flights-to/lpl/airlines-that-fly-to-liverpool-airport.html,25701,0
2017-03-14T18:55:13+0000,https://www.skyscanner.net/flights-to/vst/airlines-that-fly-to-stockholm-vasteras-airport.html,25701,0
2017-03-14T18:55:13+0000,https://www.skyscanner.net/flights-to/brs/airlines-that-fly-to-bristol-airport.html,25701,0
2017-03-14T18:55:13+0000,https://www.skyscanner.net/flights-to/lis/airlines-that-fly-to-lisbon-airport.html,25701,0
2017-03-14T18:55:13+0000,https://www.skyscanner.net/flights-to/muc/airlines-that-fly-to-munich-airport.html,25701,0
2017-03-14T18:55:13+0000,https://www.skyscanner.net/flights-to/bud/airlines-that-fly-to-budapest-airport.html,25701,0
2017-03-14T18:55:13+0000,https://www.skyscanner.net/flights-to/ncl/airlines-that-fly-to-newcastle-airport.html,25701,0
2017-03-14T18:55:13+0000,https://www.skyscanner.net/flights-to/lba/airlines-that-fly-to-leeds-bradford-airport.html,25701,0
2017-03-14T18:55:13+0000,https://www.skyscanner.net/flights-to/vlc/airlines-that-fly-to-valencia-airport.html,25701,0
2017-03-14T18:55:13+0000,https://www.skyscanner.net/flights-to/wro/airlines-that-fly-to-wroclaw-airport.html,25701,0
2017-03-14T18:55:13+0000,https://www.skyscanner.net/flights-to/lpa/airlines-that-fly-to-gran-canaria-las-palmas-airport.html,25701,0
2017-03-14T18:55:13+0000,https://www.skyscanner.net/flights-to/pmi/airlines-that-fly-to-palma---majorca-airport.html,25701,0
2017-03-14T18:55:13+0000,https://www.skyscanner.net/flights-to/lax/airlines-that-fly-to-los-angeles-international-airport.html,25701,0
2017-03-14T18:55:13+0000,https://www.skyscanner.net/flights-to/nce/airlines-that-fly-to-nice-airport.html,25701,0
2017-03-14T18:55:13+0000,https://www.skyscanner.net/flights-to/lca/airlines-that-fly-to-larnaca-airport.html,25701,0
2017-03-14T18:55:13+0000,https://www.skyscanner.net/flights-to/chq/airlines-that-fly-to-crete-chania-airport.html,25701,0
2017-03-14T18:55:13+0000,https://www.skyscanner.net/flights-to/her/airlines-that-fly-to-crete-heraklion-airport.html,25701,0
2017-03-14T18:55:13+0000,https://www.skyscanner.net/flights-to/beg/airlines-that-fly-to-belgrade-nikola-tesla-airport.html,25701,0
2017-03-14T18:55:13+0000,https://www.skyscanner.net/flights-to/bll/airlines-that-fly-to-billund-airport.html,25701,0
2017-03-14T18:55:13+0000,https://www.skyscanner.net/flights-to/rak/airlines-that-fly-to-marrakech-menara-airport.html,25701,0
2017-03-14T18:55:13+0000,https://www.skyscanner.net/flights-to/hkg/airlines-that-fly-to-hong-kong-international-airport.html,25701,0
2017-03-14T18:55:13+0000,https://www.skyscanner.net/flights-to/kef/airlines-that-fly-to-reykjavik-keflavik-airport.html,25701,0
2017-03-14T18:55:13+0000,https://www.skyscanner.net/flights-to/nte/airlines-that-fly-to-nantes-airport.html,25701,0
2017-03-14T18:55:13+0000,https://www.skyscanner.net/flights-to/bts/airlines-that-fly-to-bratislava-airport.html,25701,0
2017-03-14T18:55:13+0000,https://www.skyscanner.net/flights-to/cai/airlines-that-fly-to-cairo-airport.html,25701,0
2017-03-14T18:55:13+0000,https://www.skyscanner.net/flights-to/drs/airlines-that-fly-to-dresden-airport.html,25701,0
2017-03-14T18:55:13+0000,https://www.skyscanner.net/flights-to/mla/airlines-that-fly-to-luqa-malta-international-airport.html,25701,0
2017-03-14T18:55:13+0000,https://www.skyscanner.net/flights-to/dbv/airlines-that-fly-to-dubrovnik-airport.html,25701,0
2017-03-14T18:55:13+0000,https://www.skyscanner.net/flights-to/bey/airlines-that-fly-to-beirut-airport.html,25701,0
2017-03-14T18:55:13+0000,https://www.skyscanner.net/flights-to/fue/airlines-that-fly-to-fuerteventura-airport.html,25701,0
2017-03-14T18:55:13+0000,https://www.skyscanner.net/flights-to/cfu/airlines-that-fly-to-corfu-airport.html,25701,0
2017-03-14T18:55:13+0000,https://www.skyscanner.net/flights-to/nqy/airlines-that-fly-to-newquay-airport.html,25701,0
2017-03-14T18:55:13+0000,https://www.skyscanner.net/flights-to/mnl/airlines-that-fly-to-manila-ninoy-aquino-airport.html,25701,0
2017-03-14T18:55:13+0000,https://www.skyscanner.net/flights-to/vol/airlines-that-fly-to-volos-airport.html,25701,0
2017-03-14T18:55:13+0000,https://www.skyscanner.net/flights-to/lim/airlines-that-fly-to-lima-airport.html,25701,0
2017-03-14T18:55:13+0000,https://www.skyscanner.net/flights-to/dps/airlines-that-fly-to-bali-(denpasar)-airport.html,25701,0
2017-03-14T18:55:13+0000,https://www.skyscanner.net/flights-to/lwo/airlines-that-fly-to-lviv-airport.html,25701,0
2017-03-14T18:55:13+0000,https://www.skyscanner.net/flights-to/inv/airlines-that-fly-to-inverness-airport.html,25701,0
2017-03-14T18:55:13+0000,https://www.skyscanner.net/flights-to/hrg/airlines-that-fly-to-hurghada-airport.html,25701,0
2017-03-14T18:55:13+0000,https://www.skyscanner.net/flights-to/fez/airlines-that-fly-to-fes-saiss-airport.html,25701,0
2017-03-14T18:55:13+0000,https://www.skyscanner.net/flights-to/pgf/airlines-that-fly-to-perpignan-airport.html,25701,0
2017-03-14T18:55:13+0000,https://www.skyscanner.net/flights-to/osr/airlines-that-fly-to-ostrava-airport.html,25701,0
2017-03-14T18:55:13+0000,https://www.skyscanner.net/flights-to/bah/airlines-that-fly-to-bahrain-airport.html,25701,0
2017-03-14T18:55:13+0000,https://www.skyscanner.net/flights-to/lej/airlines-that-fly-to-leipzig-airport.html,25701,0
2017-03-14T18:55:13+0000,https://www.skyscanner.net/flights-to/jed/airlines-that-fly-to-jeddah-airport.html,25701,0
2017-03-14T18:55:13+0000,https://www.skyscanner.net/flights-to/smf/airlines-that-fly-to-sacramento-international-airport.html,25701,0
2017-03-14T18:55:13+0000,https://www.skyscanner.net/flights-to/boj/airlines-that-fly-to-bourgas-airport.html,25701,0
2017-03-14T18:55:13+0000,https://www.skyscanner.net/flights-to/evn/airlines-that-fly-to-yerevan-airport.html,25701,0
2017-03-14T18:55:13+0000,https://www.skyscanner.net/flights-to/dac/airlines-that-fly-to-dhaka-airport.html,25701,0
2017-03-14T18:55:13+0000,https://www.skyscanner.net/flights-to/dkr/airlines-that-fly-to-dakar-airport.html,25701,0
2017-03-14T18:55:13+0000,https://www.skyscanner.net/flights-to/hav/airlines-that-fly-to-havana-airport.html,25701,0
2017-03-14T18:55:13+0000,https://www.skyscanner.net/flights-to/lpi/airlines-that-fly-to-linkoping-city-airport.html,25701,0
2017-03-14T18:55:13+0000,https://www.skyscanner.net/flights-to/biq/airlines-that-fly-to-biarritz-airport.html,25701,0
2017-03-14T18:55:13+0000,https://www.skyscanner.net/flights-to/oka/airlines-that-fly-to-okinawa-naha-airport.html,25701,0
2017-03-14T18:55:13+0000,https://www.skyscanner.net/flights-to/kiv/airlines-that-fly-to-chisinau-airport.html,25701,0
2017-03-14T18:55:13+0000,https://www.skyscanner.net/flights-to/pvk/airlines-that-fly-to-preveza-airport.html,25701,0
2017-03-14T18:55:13+0000,https://www.skyscanner.net/flights-to/tbs/airlines-that-fly-to-tbilisi-airport.html,25701,0
2017-03-14T18:55:13+0000,https://www.skyscanner.net/flights-to/jtr/airlines-that-fly-to-santorini-(thira)-airport.html,25701,0
2017-03-14T18:55:13+0000,https://www.skyscanner.net/flights-to/kja/airlines-that-fly-to-krasnoyarsk-airport.html,25701,0
2017-03-14T18:55:13+0000,https://www.skyscanner.net/flights-to/cnx/airlines-that-fly-to-chiang-mai-airport.html,25701,0
2017-03-14T18:55:13+0000,https://www.skyscanner.net/flights-to/akl/airlines-that-fly-to-auckland-international-airport.html,25701,0
2017-03-14T18:55:13+0000,https://www.skyscanner.net/flights-to/boo/airlines-that-fly-to-bodo-airport.html,25701,0
2017-03-14T18:55:13+0000,https://www.skyscanner.net/flights-to/gyd/airlines-that-fly-to-baku-heydar-aliyev-international-airport.html,25701,0
2017-03-14T18:55:13+0000,https://www.skyscanner.net/flights-to/usm/airlines-that-fly-to-koh-samui---samui-island-airport.html,25701,0
2017-03-14T18:55:13+0000,https://www.skyscanner.net/flights-to/tuf/airlines-that-fly-to-tours-airport.html,25701,0
2017-03-14T18:55:13+0000,https://www.skyscanner.net/flights-to/oud/airlines-that-fly-to-oujda-l.-angades-airport.html,25701,0
2017-03-14T18:55:13+0000,https://www.skyscanner.net/flights-to/eba/airlines-that-fly-to-elba-island-airport.html,25701,0
2017-03-14T18:55:13+0000,https://www.skyscanner.net/flights-to/fat/airlines-that-fly-to-fresno-yosemite-airport.html,25701,0
2017-03-14T18:55:13+0000,https://www.skyscanner.net/flights-to/pdl/airlines-that-fly-to-ponta-delgada-airport.html,25701,0
2017-03-14T18:55:13+0000,https://www.skyscanner.net/flights-to/mhd/airlines-that-fly-to-mashhad-airport.html,25701,0
2017-03-14T18:55:13+0000,https://www.skyscanner.net/flights-to/ogg/airlines-that-fly-to-maui-kahului-airport.html,25701,0
2017-03-14T18:55:13+0000,https://www.skyscanner.net/flights-to/pis/airlines-that-fly-to-poitiers-airport.html,25701,0
2017-03-14T18:55:13+0000,https://www.skyscanner.net/flights-to/pbm/airlines-that-fly-to-paramaribo-zanderij-airport.html,25701,0
2017-03-14T18:55:13+0000,https://www.skyscanner.net/flights-to/tos/airlines-that-fly-to-tromso-airport.html,25701,0
2017-03-14T18:55:13+0000,https://www.skyscanner.net/flights-to/sdj/airlines-that-fly-to-sendai-airport.html,25701,0
2017-03-14T18:55:13+0000,https://www.skyscanner.net/flights-to/rdz/airlines-that-fly-to-rodez-airport.html,25701,0
2017-03-14T18:55:13+0000,https://www.skyscanner.net/flights-to/hdf/airlines-that-fly-to-heringsdorf-airport.html,25701,0
2017-03-14T18:55:13+0000,https://www.skyscanner.net/flights-to/jkh/airlines-that-fly-to-chios-airport.html,25701,0
2017-03-14T18:55:13+0000,https://www.skyscanner.net/flights-to/mvd/airlines-that-fly-to-montevideo-airport.html,25701,0
2017-03-14T18:55:13+0000,https://www.skyscanner.net/flights-to/cei/airlines-that-fly-to-chiang-rai-airport.html,25701,0
2017-03-14T18:55:13+0000,https://www.skyscanner.net/flights-to/cjs/airlines-that-fly-to-ciudad-juarez-airport.html,25701,0
2017-03-14T18:55:13+0000,https://www.skyscanner.net/flights-to/ebb/airlines-that-fly-to-entebbe-airport.html,25701,0
2017-03-14T18:55:13+0000,https://www.skyscanner.net/flights-to/jsh/airlines-that-fly-to-sitia-airport.html,25701,0
2017-03-14T18:55:13+0000,https://www.skyscanner.net/flights-to/pas/airlines-that-fly-to-paros-airport.html,25701,0
2017-03-14T18:55:13+0000,https://www.skyscanner.net/flights-to/ilo/airlines-that-fly-to-iloilo-international-airport.html,25701,0
2017-03-14T18:55:13+0000,https://www.skyscanner.net/flights-to/geo/airlines-that-fly-to-georgetown-airport.html,25701,0
2017-03-14T18:55:13+0000,https://www.skyscanner.net/flights-to/vte/airlines-that-fly-to-vientiane-airport.html,25701,0
2017-03-14T18:55:13+0000,https://www.skyscanner.net/flights-to/dad/airlines-that-fly-to-da-nang-airport.html,25701,0
2017-03-14T18:55:13+0000,https://www.skyscanner.net/flights-to/rgs/airlines-that-fly-to-burgos-airport.html,25701,0
2017-03-14T18:55:13+0000,https://www.skyscanner.net/flights-to/mfm/airlines-that-fly-to-macau-airport.html,25701,0
2017-03-14T18:55:13+0000,https://www.skyscanner.net/flights-to/cgy/airlines-that-fly-to-cagayan-de-oro-airport.html,25701,0
2017-03-14T18:55:13+0000,https://www.skyscanner.net/flights-to/suj/airlines-that-fly-to-satu-mare-airport.html,25701,0
2017-03-14T18:55:13+0000,https://www.skyscanner.net/flights-to/urt/airlines-that-fly-to-surat-thani-airport.html,25701,0
2017-03-14T18:55:13+0000,https://www.skyscanner.net/flights-to/rmq/airlines-that-fly-to-taichung-airport.html,25701,0
2017-03-14T18:55:13+0000,https://www.skyscanner.net/flights-to/ebu/airlines-that-fly-to-st-etienne-airport.html,25701,0
2017-03-14T18:55:13+0000,https://www.skyscanner.net/flights-to/bgw/airlines-that-fly-to-baghdad-international-airport.html,25701,0
2017-03-14T18:55:13+0000,https://www.skyscanner.net/flights-to/pdv/airlines-that-fly-to-plovdiv-airport.html,25701,0
2017-03-14T18:55:13+0000,https://www.skyscanner.net/flights-to/tvc/airlines-that-fly-to-traverse-city-airport.html,25701,0
2017-03-14T18:55:13+0000,https://www.skyscanner.net/flights-to/jhb/airlines-that-fly-to-johor-bahru-airport.html,25701,0
2017-03-14T18:55:13+0000,https://www.skyscanner.net/flights-to/hme/airlines-that-fly-to-hassi-messaoud-airport.html,25701,0
2017-03-14T18:55:13+0000,https://www.skyscanner.net/flights-to/kut/airlines-that-fly-to-kutaisi-airport.html,25701,0
2017-03-14T18:55:13+0000,https://www.skyscanner.net/flights-to/utt/airlines-that-fly-to-umtata-airport.html,25701,0
2017-03-14T18:55:13+0000,https://www.skyscanner.net/flights-to/cyz/airlines-that-fly-to-cauayan-airport.html,25701,0
2017-03-09T20:55:59+0000,https://www.skyscanner.net/flights-to/iph/airlines-that-fly-to-ipoh-airport.html,65545,0
2017-03-14T18:55:13+0000,https://www.skyscanner.net/flights-to/yyr/airlines-that-fly-to-goose-bay-airport.html,25701,0
2017-03-14T18:55:13+0000,https://www.skyscanner.net/flights-to/meh/airlines-that-fly-to-mehamn-airport.html,25701,0
2017-03-14T18:55:13+0000,https://www.skyscanner.net/flights-to/cbq/airlines-that-fly-to-calabar-airport.html,25701,0
2017-03-14T18:55:13+0000,https://www.skyscanner.net/flights-to/mun/airlines-that-fly-to-maturin-airport.html,25701,0
2017-03-14T18:55:13+0000,https://www.skyscanner.net/flights-to/llw/airlines-that-fly-to-lilongwe-airport.html,25701,0
2017-03-14T18:55:13+0000,https://www.skyscanner.net/flights-to/sct/airlines-that-fly-to-socotra-airport.html,25701,0
2017-03-14T18:55:13+0000,https://www.skyscanner.net/flights-to/maq/airlines-that-fly-to-mae-sot-(tak)-airport.html,25701,0
2017-03-14T18:55:13+0000,https://www.skyscanner.net/flights-to/mrq/airlines-that-fly-to-marinduque-airport.html,25701,0
2017-03-14T18:55:13+0000,https://www.skyscanner.net/flights-to/omo/airlines-that-fly-to-mostar-airport.html,25701,0
2017-03-14T18:55:13+0000,https://www.skyscanner.net/flights-to/dij/airlines-that-fly-to-dijon-airport.html,25701,0
2017-03-14T18:55:13+0000,https://www.skyscanner.net/flights-to/gzp/airlines-that-fly-to-gazipasa-airport.html,25701,0
2017-03-14T18:55:13+0000,https://www.skyscanner.net/flights-to/de/cheap-flights-to-germany.html,25701,0
2017-03-14T18:55:13+0000,https://www.skyscanner.net/flights-to/s/cheap-flights-to-south-america.html,25701,0
2017-03-14T18:55:13+0000,https://www.skyscanner.net/flights-to/i/cheap-flights-to-southeast-asia.html,25701,0
2017-03-14T18:55:13+0000,https://www.skyscanner.net/flights-to/es/cheap-flights-to-spain.html,25701,0
2017-03-14T18:55:13+0000,https://www.skyscanner.net/flights-to/uk/cheap-flights-to-united-kingdom.html,25701,0
2017-03-14T18:55:13+0000,https://www.skyscanner.net/flights-to/f/cheap-flights-to-africa.html,25701,0
2017-03-14T18:55:13+0000,https://www.skyscanner.net/flights-to/e/cheap-flights-to-europe.html,25701,0
2017-03-14T18:55:13+0000,https://www.skyscanner.net/flights-to/ru/cheap-flights-to-russia.html,25701,0
2017-03-14T18:55:13+0000,https://www.skyscanner.net/flights-to/nl/cheap-flights-to-netherlands.html,25701,0
2017-03-14T18:55:13+0000,https://www.skyscanner.net/flights-to/ie/cheap-flights-to-ireland.html,25701,0
2017-03-14T18:55:13+0000,https://www.skyscanner.net/flights-to/a/cheap-flights-to-asia.html,25701,0
2017-03-14T18:55:13+0000,https://www.skyscanner.net/flights-to/it/cheap-flights-to-italy.html,25701,0
2017-03-14T18:55:13+0000,https://www.skyscanner.net/flights-to/fr/cheap-flights-to-france.html,25701,0
2017-03-14T18:55:13+0000,https://www.skyscanner.net/flights-to/n/cheap-flights-to-north-america.html,25701,0
2017-03-14T18:55:13+0000,https://www.skyscanner.net/flights-to/us/cheap-flights-to-united-states.html,25701,0
2017-03-14T18:55:13+0000,https://www.skyscanner.net/flights-to/be/cheap-flights-to-belgium.html,25701,0
2017-03-14T18:55:13+0000,https://www.skyscanner.net/flights-to/gr/cheap-flights-to-greece.html,25701,0
2017-03-14T18:55:13+0000,https://www.skyscanner.net/flights-to/cz/cheap-flights-to-czech-republic.html,25701,0
2017-03-14T18:55:13+0000,https://www.skyscanner.net/flights-to/dk/cheap-flights-to-denmark.html,25701,0
2017-03-14T18:55:13+0000,https://www.skyscanner.net/flights-to/fi/cheap-flights-to-finland.html,25701,0
2017-03-14T18:55:13+0000,https://www.skyscanner.net/flights-to/ro/cheap-flights-to-romania.html,25701,0
2017-03-14T18:55:13+0000,https://www.skyscanner.net/flights-to/ch/cheap-flights-to-switzerland.html,25701,0
2017-03-14T18:55:13+0000,https://www.skyscanner.net/flights-to/at/cheap-flights-to-austria.html,25701,0
2017-03-14T18:55:13+0000,https://www.skyscanner.net/flights-to/tr/cheap-flights-to-turkey.html,25701,0
2017-03-14T18:55:13+0000,https://www.skyscanner.net/flights-to/no/cheap-flights-to-norway.html,25701,0
2017-03-14T18:55:13+0000,https://www.skyscanner.net/flights-to/ae/cheap-flights-to-united-arab-emirates.html,25701,0
2017-03-14T18:55:13+0000,https://www.skyscanner.net/flights-to/th/cheap-flights-to-thailand.html,25701,0
2017-03-14T18:55:13+0000,https://www.skyscanner.net/flights-to/bg/cheap-flights-to-bulgaria.html,25701,0
2017-03-14T18:55:13+0000,https://www.skyscanner.net/flights-to/cy/cheap-flights-to-cyprus.html,25701,0
2017-03-14T18:55:13+0000,https://www.skyscanner.net/flights-to/il/cheap-flights-to-israel.html,25701,0
2017-03-14T18:55:13+0000,https://www.skyscanner.net/flights-to/kr/cheap-flights-to-south-korea.html,25701,0
2017-03-14T18:55:13+0000,https://www.skyscanner.net/flights-to/cn/cheap-flights-to-china.html,25701,0
2017-03-14T18:55:13+0000,https://www.skyscanner.net/flights-to/tw/cheap-flights-to-taiwan.html,25701,0
2017-03-14T18:55:13+0000,https://www.skyscanner.net/flights-to/jp/cheap-flights-to-japan.html,25701,0
2017-03-14T18:55:13+0000,https://www.skyscanner.net/flights-to/ua/cheap-flights-to-ukraine.html,25701,0
2017-03-14T18:55:13+0000,https://www.skyscanner.net/flights-to/ee/cheap-flights-to-estonia.html,25701,0
2017-03-14T18:55:13+0000,https://www.skyscanner.net/flights-to/in/cheap-flights-to-india.html,25701,0
2017-03-14T18:55:13+0000,https://www.skyscanner.net/flights-to/is/cheap-flights-to-iceland.html,25701,0
2017-03-14T18:55:13+0000,https://www.skyscanner.net/flights-to/ar/cheap-flights-to-argentina.html,25701,0
2017-03-14T18:55:13+0000,https://www.skyscanner.net/flights-to/sk/cheap-flights-to-slovakia.html,25701,0
2017-03-14T18:55:13+0000,https://www.skyscanner.net/flights-to/ma/cheap-flights-to-morocco.html,25701,0
2017-03-14T18:55:13+0000,https://www.skyscanner.net/flights-to/lt/cheap-flights-to-lithuania.html,25701,0
2017-03-14T18:55:13+0000,https://www.skyscanner.net/flights-to/au/cheap-flights-to-australia.html,25701,0
2017-03-14T18:55:13+0000,https://www.skyscanner.net/flights-to/co/cheap-flights-to-colombia.html,25701,0
2017-03-14T18:55:13+0000,https://www.skyscanner.net/flights-to/eg/cheap-flights-to-egypt.html,25701,0
2017-03-14T18:55:13+0000,https://www.skyscanner.net/flights-to/za/cheap-flights-to-south-africa.html,25701,0
2017-03-14T18:55:13+0000,https://www.skyscanner.net/flights-to/hr/cheap-flights-to-croatia.html,25701,0
2017-03-14T18:55:13+0000,https://www.skyscanner.net/flights-to/br/cheap-flights-to-brazil.html,25701,0
2017-03-14T18:55:13+0000,https://www.skyscanner.net/flights-to/vn/cheap-flights-to-vietnam.html,25701,0
2017-03-14T18:55:13+0000,https://www.skyscanner.net/flights-to/mt/cheap-flights-to-malta.html,25701,0
2017-03-14T18:55:13+0000,https://www.skyscanner.net/flights-to/mx/cheap-flights-to-mexico.html,25701,0
2017-03-14T18:55:13+0000,https://www.skyscanner.net/flights-to/cl/cheap-flights-to-chile.html,25701,0
2017-03-14T18:55:13+0000,https://www.skyscanner.net/flights-to/id/cheap-flights-to-indonesia.html,25701,0
2017-03-14T18:55:13+0000,https://www.skyscanner.net/flights-to/lb/cheap-flights-to-lebanon.html,25701,0
2017-03-14T18:55:13+0000,https://www.skyscanner.net/flights-to/pe/cheap-flights-to-peru.html,25701,0
2017-03-14T18:55:13+0000,https://www.skyscanner.net/flights-to/sa/cheap-flights-to-saudi-arabia.html,25701,0
2017-03-14T18:55:13+0000,https://www.skyscanner.net/flights-to/bd/cheap-flights-to-bangladesh.html,25701,0
2017-03-14T18:55:13+0000,https://www.skyscanner.net/flights-to/cr/cheap-flights-to-costa-rica.html,25701,0
2017-03-14T18:55:13+0000,https://www.skyscanner.net/flights-to/nz/cheap-flights-to-new-zealand.html,25701,0
2017-03-14T18:55:13+0000,https://www.skyscanner.net/flights-to/kz/cheap-flights-to-kazakhstan.html,25701,0
2017-03-14T18:55:13+0000,https://www.skyscanner.net/flights-to/cu/cheap-flights-to-cuba.html,25701,0
2017-03-14T18:55:13+0000,https://www.skyscanner.net/flights-to/do/cheap-flights-to-dominican-republic.html,25701,0
2017-03-14T18:55:13+0000,https://www.skyscanner.net/flights-to/ng/cheap-flights-to-nigeria.html,25701,0
2017-03-14T18:55:13+0000,https://www.skyscanner.net/flights-to/am/cheap-flights-to-armenia.html,25701,0
2017-03-14T18:55:13+0000,https://www.skyscanner.net/flights-to/jo/cheap-flights-to-jordan.html,25701,0
2017-03-14T18:55:13+0000,https://www.skyscanner.net/flights-to/ke/cheap-flights-to-kenya.html,25701,0
2017-03-14T18:55:13+0000,https://www.skyscanner.net/flights-to/mv/cheap-flights-to-maldives.html,25701,0
2017-03-14T18:55:13+0000,https://www.skyscanner.net/flights-to/si/cheap-flights-to-slovenia.html,25701,0
2017-03-14T18:55:13+0000,https://www.skyscanner.net/flights-to/gt/cheap-flights-to-guatemala.html,25701,0
2017-03-14T18:55:13+0000,https://www.skyscanner.net/flights-to/bo/cheap-flights-to-bolivia.html,25701,0
2017-03-14T18:55:13+0000,https://www.skyscanner.net/flights-to/ge/cheap-flights-to-georgia.html,25701,0
2017-03-14T18:55:13+0000,https://www.skyscanner.net/flights-to/pk/cheap-flights-to-pakistan.html,25701,0
2017-03-14T18:55:13+0000,https://www.skyscanner.net/flights-to/tt/cheap-flights-to-trinidad-and-tobago.html,25701,0
2017-03-14T18:55:13+0000,https://www.skyscanner.net/flights-to/lk/cheap-flights-to-sri-lanka.html,25701,0
2017-03-14T18:55:13+0000,https://www.skyscanner.net/flights-to/tn/cheap-flights-to-tunisia.html,25701,0
2017-03-14T18:55:13+0000,https://www.skyscanner.net/flights-to/sy/cheap-flights-to-syria.html,25701,0
2017-03-14T18:55:13+0000,https://www.skyscanner.net/flights-to/tz/cheap-flights-to-tanzania.html,25701,0
2017-03-14T18:55:13+0000,https://www.skyscanner.net/flights-to/bb/cheap-flights-to-barbados.html,25701,0
2017-03-14T18:55:13+0000,https://www.skyscanner.net/flights-to/jm/cheap-flights-to-jamaica.html,25701,0
2017-03-14T18:55:13+0000,https://www.skyscanner.net/flights-to/ph/cheap-flights-to-philippines.html,25701,0
2017-03-14T18:55:13+0000,https://www.skyscanner.net/flights-to/na/cheap-flights-to-namibia.html,25701,0
2017-03-14T18:55:13+0000,https://www.skyscanner.net/flights-to/sc/cheap-flights-to-seychelles.html,25701,0
2017-03-14T18:55:13+0000,https://www.skyscanner.net/flights-to/bz/cheap-flights-to-belize.html,25701,0
2017-03-14T18:55:13+0000,https://www.skyscanner.net/flights-to/af/cheap-flights-to-afghanistan.html,25701,0
2017-03-14T18:55:13+0000,https://www.skyscanner.net/flights-to/kh/cheap-flights-to-cambodia.html,25701,0
2017-03-14T18:55:13+0000,https://www.skyscanner.net/flights-to/cv/cheap-flights-to-cape-verde.html,25701,0
2017-03-14T18:55:13+0000,https://www.skyscanner.net/flights-to/uy/cheap-flights-to-uruguay.html,25701,0
2017-03-14T18:55:13+0000,https://www.skyscanner.net/flights-to/zw/cheap-flights-to-zimbabwe.html,25701,0
2017-03-14T18:55:13+0000,https://www.skyscanner.net/flights-to/fj/cheap-flights-to-fiji.html,25701,0
2017-03-14T18:55:13+0000,https://www.skyscanner.net/flights-to/ug/cheap-flights-to-uganda.html,25701,0
2017-03-14T18:55:13+0000,https://www.skyscanner.net/flights-to/cm/cheap-flights-to-cameroon.html,25701,0
2017-03-14T18:55:13+0000,https://www.skyscanner.net/flights-to/tg/cheap-flights-to-togo.html,25701,0
2017-03-14T18:55:13+0000,https://www.skyscanner.net/flights-to/mm/cheap-flights-to-myanmar.html,25701,0
2017-03-14T18:55:13+0000,https://www.skyscanner.net/flights-to/gy/cheap-flights-to-guyana.html,25701,0
2017-03-14T18:55:13+0000,https://www.skyscanner.net/flights-to/ye/cheap-flights-to-yemen.html,25701,0
2017-03-14T18:55:13+0000,https://www.skyscanner.net/flights-to/vi/cheap-flights-to-us-virgin-islands.html,25701,0
2017-03-14T18:55:13+0000,https://www.skyscanner.net/flights-to/gl/cheap-flights-to-greenland.html,25701,0
2017-03-14T18:55:13+0000,https://www.skyscanner.net/flights-to/so/cheap-flights-to-somalia.html,25701,0
2017-03-14T18:55:13+0000,https://www.skyscanner.net/flights-to/mc/cheap-flights-to-monaco.html,25701,0
2017-03-14T18:55:13+0000,https://www.skyscanner.net/flights-to/kp/cheap-flights-to-north-korea.html,25701,0
2017-03-14T18:55:13+0000,https://www.skyscanner.net/flights-to/to/cheap-flights-to-tonga.html,25701,0
2017-03-14T18:55:13+0000,https://www.skyscanner.net/flights-to/ad/cheap-flights-to-andorra.html,25701,0
2017-03-14T18:55:13+0000,https://www.skyscanner.net/flights-to/hu/cheap-flights-to-hungary.html,25701,0
2017-03-14T18:55:13+0000,https://www.skyscanner.net/flights-to/arizo/cheap-flights-to-arizona.html,25701,0
2017-03-14T18:55:13+0000,https://www.skyscanner.net/flights-to/calif/cheap-flights-to-california.html,25701,0
2017-03-14T18:55:13+0000,https://www.skyscanner.net/flights-to/canar/cheap-flights-to-canary-islands.html,25701,0
2017-03-14T18:55:13+0000,https://www.skyscanner.net/flights-to/dz/cheap-flights-to-algeria.html,25701,0
2017-03-14T18:55:13+0000,https://www.skyscanner.net/flights-to/color/cheap-flights-to-colorado.html,25701,0
2017-03-14T18:55:13+0000,https://www.skyscanner.net/flights-to/iq/cheap-flights-to-iraq.html,25701,0
2017-03-14T18:55:13+0000,https://www.skyscanner.net/flights-to/flori/cheap-flights-to-florida.html,25701,0
2017-03-14T18:55:13+0000,https://www.skyscanner.net/flights-to/engla/cheap-flights-to-england.html,25701,0
2017-03-14T18:55:13+0000,https://www.skyscanner.net/flights-to/hawai/cheap-flights-to-hawaii.html,25701,0
2017-03-14T18:55:13+0000,https://www.skyscanner.net/flights-to/lapla/cheap-flights-to-lapland.html,25701,0
2017-03-14T18:55:13+0000,https://www.skyscanner.net/flights-to/minne/cheap-flights-to-minnesota.html,25701,0
2017-03-14T18:55:13+0000,https://www.skyscanner.net/flights-to/ohio_/cheap-flights-to-ohio.html,25701,0
2017-03-14T18:55:13+0000,https://www.skyscanner.net/flights-to/sarde/cheap-flights-to-sardinia.html,25701,0
2017-03-14T18:55:13+0000,https://www.skyscanner.net/flights-to/tenne/cheap-flights-to-tennessee.html,25701,0
2017-03-14T18:55:13+0000,https://www.skyscanner.net/flights-to/scotl/cheap-flights-to-scotland.html,25701,0
2017-03-14T18:55:13+0000,https://www.skyscanner.net/flights-to/mosc/cheap-flights-to-moscow.html,25701,0
2017-03-14T18:55:13+0000,https://www.skyscanner.net/flights-to/mila/cheap-flights-to-milan.html,25701,0
2017-03-14T18:55:13+0000,https://www.skyscanner.net/flights-to/lond/cheap-flights-to-london.html,25701,0
2017-03-14T18:55:13+0000,https://www.skyscanner.net/flights-to/glas/cheap-flights-to-glasgow.html,25701,0
2017-03-14T18:55:13+0000,https://www.skyscanner.net/flights-to/wales/cheap-flights-to-wales.html,25701,0
2017-03-14T18:55:13+0000,https://www.skyscanner.net/flights-to/fran/cheap-flights-to-frankfurt.html,25701,0
2017-03-14T18:55:13+0000,https://www.skyscanner.net/flights-to/berl/cheap-flights-to-berlin.html,25701,0
2017-03-14T18:55:13+0000,https://www.skyscanner.net/flights-to/duss/cheap-flights-to-dusseldorf.html,25701,0
2017-03-14T18:55:13+0000,https://www.skyscanner.net/flights-to/bkkt/cheap-flights-to-bangkok.html,25701,0
2017-03-14T18:55:13+0000,https://www.skyscanner.net/flights-to/veni/cheap-flights-to-venice.html,25701,0
2017-03-14T18:55:13+0000,https://www.skyscanner.net/flights-to/stoc/cheap-flights-to-stockholm.html,25701,0
2017-03-14T18:55:13+0000,https://www.skyscanner.net/flights-to/nyca/cheap-flights-to-new-york.html,25701,0
2017-03-14T18:55:13+0000,https://www.skyscanner.net/flights-to/belf/cheap-flights-to-belfast.html,25701,0
2017-03-14T18:55:13+0000,https://www.skyscanner.net/flights-to/brus/cheap-flights-to-brussels.html,25701,0
2017-03-14T18:55:13+0000,https://www.skyscanner.net/flights-to/ista/cheap-flights-to-istanbul.html,25701,0
2017-03-14T18:55:13+0000,https://www.skyscanner.net/flights-to/buch/cheap-flights-to-bucharest.html,25701,0
2017-03-14T18:55:13+0000,https://www.skyscanner.net/flights-to/pari/cheap-flights-to-paris.html,25701,0
2017-03-14T18:55:13+0000,https://www.skyscanner.net/flights-to/oslo/cheap-flights-to-oslo.html,25701,0
2017-03-14T18:55:13+0000,https://www.skyscanner.net/flights-to/tene/cheap-flights-to-tenerife.html,25701,0
2017-03-14T18:55:13+0000,https://www.skyscanner.net/flights-to/tyoa/cheap-flights-to-tokyo.html,25701,0
2017-03-14T18:55:13+0000,https://www.skyscanner.net/flights-to/bjsa/cheap-flights-to-beijing.html,25701,0
2017-03-14T18:55:13+0000,https://www.skyscanner.net/flights-to/seaa/cheap-flights-to-seattle.html,25701,0
2017-03-14T18:55:13+0000,https://www.skyscanner.net/flights-to/yvra/cheap-flights-to-vancouver.html,25701,0
2017-03-14T18:55:13+0000,https://www.skyscanner.net/flights-to/ytoa/cheap-flights-to-toronto.html,25701,0
2017-03-14T18:55:13+0000,https://www.skyscanner.net/flights-to/orlb/cheap-flights-to-orlando.html,25701,0
2017-03-14T18:55:13+0000,https://www.skyscanner.net/flights-to/ymqa/cheap-flights-to-montreal.html,25701,0
2017-03-14T18:55:13+0000,https://www.skyscanner.net/flights-to/casa/cheap-flights-to-casablanca.html,25701,0
2017-03-09T20:55:59+0000,https://www.skyscanner.net/flights-to/dxba/cheap-flights-to-dubai.html,65545,0
2017-03-14T18:55:13+0000,https://www.skyscanner.net/flights-to/cret/cheap-flights-to-crete.html,25701,0
2017-03-14T18:55:13+0000,https://www.skyscanner.net/flights-to/tpet/cheap-flights-to-taipei.html,25701,0
2017-03-14T18:55:13+0000,https://www.skyscanner.net/flights-to/kulm/cheap-flights-to-kuala-lumpur.html,25701,0
2017-03-14T18:55:13+0000,https://www.skyscanner.net/flights-to/csha/cheap-flights-to-shanghai.html,25701,0
2017-03-14T18:55:13+0000,https://www.skyscanner.net/flights-to/mela/cheap-flights-to-melbourne.html,25701,0
2017-03-14T18:55:13+0000,https://www.skyscanner.net/flights-to/amma/cheap-flights-to-amman.html,25701,0
2017-03-14T18:55:13+0000,https://www.skyscanner.net/flights-to/mkca/cheap-flights-to-kansas-city.html,25701,0
2017-03-14T18:55:13+0000,https://www.skyscanner.net/flights-to/wdha/cheap-flights-to-windhoek.html,25701,0
2017-03-14T18:55:13+0000,https://www.skyscanner.net/flights-to/man/cheap-flights-to-manchester-airport.html,25701,0
2017-03-14T18:55:13+0000,https://www.skyscanner.net/flights-to/stn/cheap-flights-to-london-stansted-airport.html,25701,0
2017-03-14T18:55:13+0000,https://www.skyscanner.net/flights-to/lgw/cheap-flights-to-london-gatwick-airport.html,25701,0
2017-03-14T18:55:13+0000,https://www.skyscanner.net/flights-to/lhr/cheap-flights-to-london-heathrow-airport.html,25701,0
2017-03-14T18:55:13+0000,https://www.skyscanner.net/flights-to/bcn/cheap-flights-to-barcelona-airport.html,25701,0
2017-03-14T18:55:13+0000,https://www.skyscanner.net/flights-to/ams/cheap-flights-to-amsterdam-airport.html,25701,0
2017-03-14T18:55:13+0000,https://www.skyscanner.net/flights-to/edi/cheap-flights-to-edinburgh-airport.html,25701,0
2017-03-14T18:55:13+0000,https://www.skyscanner.net/flights-to/fra/cheap-flights-to-frankfurt-am-main-airport.html,25701,0
2017-03-14T18:55:13+0000,https://www.skyscanner.net/flights-to/led/cheap-flights-to-st-petersburg-pulkovo-airport.html,25701,0
2017-03-14T18:55:13+0000,https://www.skyscanner.net/flights-to/brs/cheap-flights-to-bristol-airport.html,25701,0
2017-03-14T18:55:13+0000,https://www.skyscanner.net/flights-to/nyo/cheap-flights-to-stockholm-skavsta-airport.html,25701,0
2017-03-14T18:55:13+0000,https://www.skyscanner.net/flights-to/cph/cheap-flights-to-copenhagen-airport.html,25701,0
2017-03-14T18:55:13+0000,https://www.skyscanner.net/flights-to/sxf/cheap-flights-to-berlin-schoenefeld-airport.html,25701,0
2017-03-14T18:55:13+0000,https://www.skyscanner.net/flights-to/prg/cheap-flights-to-prague-airport.html,25701,0
2017-03-14T18:55:13+0000,https://www.skyscanner.net/flights-to/agp/cheap-flights-to-malaga-airport.html,25701,0
2017-03-14T18:55:13+0000,https://www.skyscanner.net/flights-to/mad/cheap-flights-to-madrid-airport.html,25701,0
2017-03-14T18:55:13+0000,https://www.skyscanner.net/flights-to/jfk/cheap-flights-to-new-york-john-f.-kennedy-airport.html,25701,0
2017-03-14T18:55:13+0000,https://www.skyscanner.net/flights-to/muc/cheap-flights-to-munich-airport.html,25701,0
2017-03-14T18:55:13+0000,https://www.skyscanner.net/flights-to/cia/cheap-flights-to-rome-ciampino-airport.html,25701,0
2017-03-14T18:55:13+0000,https://www.skyscanner.net/flights-to/opo/cheap-flights-to-porto-airport.html,25701,0
2017-03-14T18:55:13+0000,https://www.skyscanner.net/flights-to/ema/cheap-flights-to-east-midlands-airport.html,25701,0
2017-03-14T18:55:13+0000,https://www.skyscanner.net/flights-to/bud/cheap-flights-to-budapest-airport.html,25701,0
2017-03-14T18:55:13+0000,https://www.skyscanner.net/flights-to/ncl/cheap-flights-to-newcastle-airport.html,25701,0
2017-03-09T20:55:59+0000,https://www.skyscanner.net/flights-to/osl/cheap-flights-to-oslo-gardermoen-airport.html,65545,0
2017-03-14T18:55:13+0000,https://www.skyscanner.net/flights-to/lba/cheap-flights-to-leeds-bradford-airport.html,25701,0
2017-03-14T18:55:13+0000,https://www.skyscanner.net/flights-to/otp/cheap-flights-to-bucharest-otopeni-airport.html,25701,0
2017-03-14T18:55:13+0000,https://www.skyscanner.net/flights-to/bhd/cheap-flights-to-belfast-city-airport.html,25701,0
2017-03-14T18:55:13+0000,https://www.skyscanner.net/flights-to/blq/cheap-flights-to-bologna-international-airport.html,25701,0
2017-03-09T20:55:59+0000,https://www.skyscanner.net/flights-to/hel/cheap-flights-to-helsinki-vantaa-airport.html,65545,0
2017-03-14T18:55:13+0000,https://www.skyscanner.net/flights-to/rix/cheap-flights-to-riga-international-airport.html,25701,0
2017-03-14T18:55:13+0000,https://www.skyscanner.net/flights-to/nap/cheap-flights-to-naples-international-airport.html,25701,0
2017-03-14T18:55:13+0000,https://www.skyscanner.net/flights-to/alc/cheap-flights-to-alicante-airport.html,25701,0
2017-03-14T18:55:13+0000,https://www.skyscanner.net/flights-to/vie/cheap-flights-to-vienna-airport.html,25701,0
2017-03-14T18:55:13+0000,https://www.skyscanner.net/flights-to/skg/cheap-flights-to-thessaloniki-airport.html,25701,0
2017-03-14T18:55:13+0000,https://www.skyscanner.net/flights-to/tfn/cheap-flights-to-tenerife-north-airport.html,25701,0
2017-03-14T18:55:13+0000,https://www.skyscanner.net/flights-to/cgn/cheap-flights-to-cologne-airport.html,25701,0
2017-03-14T18:55:13+0000,https://www.skyscanner.net/flights-to/tfs/cheap-flights-to-tenerife-south-airport.html,25701,0
2017-03-09T20:55:59+0000,https://www.skyscanner.net/flights-to/chia/cheap-flights-to-chicago.html,65545,0
2017-03-14T18:55:13+0000,https://www.skyscanner.net/flights-to/lpa/cheap-flights-to-gran-canaria-las-palmas-airport.html,25701,0
2017-03-14T18:55:13+0000,https://www.skyscanner.net/flights-to/bri/cheap-flights-to-bari-airport.html,25701,0
2017-03-14T18:55:13+0000,https://www.skyscanner.net/flights-to/pmi/cheap-flights-to-palma---majorca-airport.html,25701,0
2017-03-14T18:55:13+0000,https://www.skyscanner.net/flights-to/lax/cheap-flights-to-los-angeles-international-airport.html,25701,0
2017-03-14T18:55:13+0000,https://www.skyscanner.net/flights-to/dxb/cheap-flights-to-dubai-airport.html,25701,0
2017-03-14T18:55:13+0000,https://www.skyscanner.net/flights-to/fao/cheap-flights-to-faro-airport.html,25701,0
2017-03-14T18:55:13+0000,https://www.skyscanner.net/flights-to/vrn/cheap-flights-to-verona-international-airport.html,25701,0
2017-03-14T18:55:13+0000,https://www.skyscanner.net/flights-to/pmo/cheap-flights-to-palermo-airport.html,25701,0
2017-03-14T18:55:13+0000,https://www.skyscanner.net/flights-to/dwc/cheap-flights-to-dubai-al-maktoum-international-airport.html,25701,0
2017-03-14T18:55:13+0000,https://www.skyscanner.net/flights-to/rioa/cheap-flights-to-rio-de-janeiro.html,25701,0
2017-03-14T18:55:13+0000,https://www.skyscanner.net/flights-to/flr/cheap-flights-to-florence-airport.html,25701,0
2017-03-14T18:55:13+0000,https://www.skyscanner.net/flights-to/mrs/cheap-flights-to-marseille-airport.html,25701,0
2017-03-14T18:55:13+0000,https://www.skyscanner.net/flights-to/nce/cheap-flights-to-nice-airport.html,25701,0
2017-03-14T18:55:13+0000,https://www.skyscanner.net/flights-to/lys/cheap-flights-to-lyon-airport.html,25701,0
2017-03-14T18:55:13+0000,https://www.skyscanner.net/flights-to/ktw/cheap-flights-to-katowice-airport.html,25701,0
2017-03-14T18:55:13+0000,https://www.skyscanner.net/flights-to/sin/cheap-flights-to-singapore-changi-airport.html,25701,0
2017-03-14T18:55:13+0000,https://www.skyscanner.net/flights-to/scq/cheap-flights-to-santiago-de-compostela-airport.html,25701,0
2017-03-14T18:55:13+0000,https://www.skyscanner.net/flights-to/sfo/cheap-flights-to-san-francisco-international-airport.html,25701,0
2017-03-14T18:55:13+0000,https://www.skyscanner.net/flights-to/haj/cheap-flights-to-hannover-airport.html,25701,0
2017-03-14T18:55:13+0000,https://www.skyscanner.net/flights-to/tll/cheap-flights-to-tallinn-airport.html,25701,0
2017-03-14T18:55:13+0000,https://www.skyscanner.net/flights-to/dub/cheap-flights-to-dublin-airport.html,25701,0
2017-03-14T18:55:13+0000,https://www.skyscanner.net/flights-to/mia/cheap-flights-to-miami-international-airport.html,25701,0
2017-03-14T18:55:13+0000,https://www.skyscanner.net/flights-to/beg/cheap-flights-to-belgrade-nikola-tesla-airport.html,25701,0
2017-03-14T18:55:13+0000,https://www.skyscanner.net/flights-to/gro/cheap-flights-to-girona-airport.html,25701,0
2017-03-14T18:55:13+0000,https://www.skyscanner.net/flights-to/tls/cheap-flights-to-toulouse-airport.html,25701,0
2017-03-14T18:55:13+0000,https://www.skyscanner.net/flights-to/vno/cheap-flights-to-vilnius-airport.html,25701,0
2017-03-14T18:55:13+0000,https://www.skyscanner.net/flights-to/ork/cheap-flights-to-cork-airport.html,25701,0
2017-03-14T18:55:13+0000,https://www.skyscanner.net/flights-to/krk/cheap-flights-to-krakow-airport.html,25701,0
2017-03-14T18:55:13+0000,https://www.skyscanner.net/flights-to/sou/cheap-flights-to-southampton-airport.html,25701,0
2017-03-14T18:55:13+0000,https://www.skyscanner.net/flights-to/mex/cheap-flights-to-mexico-city-juarez-international-airport.html,25701,0
2017-03-14T18:55:13+0000,https://www.skyscanner.net/flights-to/cun/cheap-flights-to-cancun-airport.html,25701,0
2017-03-14T18:55:13+0000,https://www.skyscanner.net/flights-to/syd/cheap-flights-to-sydney-kingsford-smith-airport.html,25701,0
2017-03-14T18:55:13+0000,https://www.skyscanner.net/flights-to/vlc/cheap-flights-to-valencia-airport.html,25701,0
2017-03-14T18:55:13+0000,https://www.skyscanner.net/flights-to/atl/cheap-flights-to-atlanta-hartsfield-jackson-airport.html,25701,0
2017-03-14T18:55:13+0000,https://www.skyscanner.net/flights-to/cai/cheap-flights-to-cairo-airport.html,25701,0
2017-03-14T18:55:13+0000,https://www.skyscanner.net/flights-to/snn/cheap-flights-to-shannon-airport.html,25701,0
2017-03-14T18:55:13+0000,https://www.skyscanner.net/flights-to/jnb/cheap-flights-to-johannesburg-o.r.-tambo-airport.html,25701,0
2017-03-14T18:55:13+0000,https://www.skyscanner.net/flights-to/auh/cheap-flights-to-abu-dhabi-international-airport.html,25701,0
2017-03-14T18:55:13+0000,https://www.skyscanner.net/flights-to/mla/cheap-flights-to-luqa-malta-international-airport.html,25701,0
2017-03-14T18:55:13+0000,https://www.skyscanner.net/flights-to/fnc/cheap-flights-to-madeira-airport.html,25701,0
2017-03-14T18:55:13+0000,https://www.skyscanner.net/flights-to/rtm/cheap-flights-to-rotterdam-airport.html,25701,0
2017-03-14T18:55:13+0000,https://www.skyscanner.net/flights-to/goa/cheap-flights-to-genoa-airport.html,25701,0
2017-03-14T18:55:13+0000,https://www.skyscanner.net/flights-to/hkt/cheap-flights-to-phuket-airport.html,25701,0
2017-03-14T18:55:13+0000,https://www.skyscanner.net/flights-to/scl/cheap-flights-to-santiago-arturo-merino-benitez-airport.html,25701,0
2017-03-14T18:55:13+0000,https://www.skyscanner.net/flights-to/sgn/cheap-flights-to-ho-chi-minh-city-airport.html,25701,0
2017-03-14T18:55:13+0000,https://www.skyscanner.net/flights-to/svg/cheap-flights-to-stavanger-airport.html,25701,0
2017-03-14T18:55:13+0000,https://www.skyscanner.net/flights-to/den/cheap-flights-to-denver-international-airport.html,25701,0
2017-03-14T18:55:13+0000,https://www.skyscanner.net/flights-to/dlm/cheap-flights-to-dalaman-airport.html,25701,0
2017-03-14T18:55:13+0000,https://www.skyscanner.net/flights-to/inn/cheap-flights-to-innsbruck-airport.html,25701,0
2017-03-14T18:55:13+0000,https://www.skyscanner.net/flights-to/jer/cheap-flights-to-jersey-airport.html,25701,0
2017-03-14T18:55:13+0000,https://www.skyscanner.net/flights-to/cfu/cheap-flights-to-corfu-airport.html,25701,0
2017-03-14T18:55:13+0000,https://www.skyscanner.net/flights-to/los/cheap-flights-to-lagos-airport.html,25701,0
2017-03-14T18:55:13+0000,https://www.skyscanner.net/flights-to/mnl/cheap-flights-to-manila-ninoy-aquino-airport.html,25701,0
2017-03-14T18:55:13+0000,https://www.skyscanner.net/flights-to/mjv/cheap-flights-to-murcia-airport.html,25701,0
2017-03-14T18:55:13+0000,https://www.skyscanner.net/flights-to/lis/cheap-flights-to-lisbon-airport.html,25701,0
2017-03-14T18:55:13+0000,https://www.skyscanner.net/flights-to/lim/cheap-flights-to-lima-airport.html,25701,0
2017-03-14T18:55:13+0000,https://www.skyscanner.net/flights-to/reu/cheap-flights-to-reus-airport.html,25701,0
2017-03-14T18:55:13+0000,https://www.skyscanner.net/flights-to/per/cheap-flights-to-perth-airport.html,25701,0
2017-03-14T18:55:13+0000,https://www.skyscanner.net/flights-to/vgo/cheap-flights-to-vigo-airport.html,25701,0
2017-03-14T18:55:13+0000,https://www.skyscanner.net/flights-to/doh/cheap-flights-to-hamad-international-airport.html,25701,0
2017-03-14T18:55:13+0000,https://www.skyscanner.net/flights-to/trs/cheap-flights-to-trieste-airport.html,25701,0
2017-03-14T18:55:13+0000,https://www.skyscanner.net/flights-to/mah/cheap-flights-to-menorca-airport.html,25701,0
2017-03-14T18:55:13+0000,https://www.skyscanner.net/flights-to/dps/cheap-flights-to-bali-(denpasar)-airport.html,25701,0
2017-03-14T18:55:13+0000,https://www.skyscanner.net/flights-to/aho/cheap-flights-to-alghero-sardinia-airport.html,25701,0
2017-03-14T18:55:13+0000,https://www.skyscanner.net/flights-to/ind/cheap-flights-to-indianapolis-airport.html,25701,0
2017-03-14T18:55:13+0000,https://www.skyscanner.net/flights-to/bne/cheap-flights-to-brisbane-airport.html,25701,0
2017-03-14T18:55:13+0000,https://www.skyscanner.net/flights-to/spu/cheap-flights-to-split-airport.html,25701,0
2017-03-14T18:55:13+0000,https://www.skyscanner.net/flights-to/hrg/cheap-flights-to-hurghada-airport.html,25701,0
2017-03-14T18:55:13+0000,https://www.skyscanner.net/flights-to/tia/cheap-flights-to-tirana-airport.html,25701,0
2017-03-14T18:55:13+0000,https://www.skyscanner.net/flights-to/svq/cheap-flights-to-seville-airport.html,25701,0
2017-03-14T18:55:13+0000,https://www.skyscanner.net/flights-to/mpl/cheap-flights-to-montpellier-airport.html,25701,0
2017-03-14T18:55:13+0000,https://www.skyscanner.net/flights-to/ceb/cheap-flights-to-mactan-cebu-international-airport.html,25701,0
2017-03-14T18:55:13+0000,https://www.skyscanner.net/flights-to/ccf/cheap-flights-to-carcassonne-airport.html,25701,0
2017-03-14T18:55:13+0000,https://www.skyscanner.net/flights-to/nqy/cheap-flights-to-newquay-airport.html,25701,0
2017-03-14T18:55:13+0000,https://www.skyscanner.net/flights-to/iom/cheap-flights-to-ronaldsway-airport.html,25701,0
2017-03-14T18:55:13+0000,https://www.skyscanner.net/flights-to/cpt/cheap-flights-to-cape-town-airport.html,25701,0
2016-12-10T02:46:51+0000,https://www.skyscanner.net/flights-to/han/cheap-flights-to-hanoi-airport.html,0,0
2017-03-14T18:55:13+0000,https://www.skyscanner.net/flights-to/fez/cheap-flights-to-fes-saiss-airport.html,25701,0
2017-03-14T18:55:13+0000,https://www.skyscanner.net/flights-to/sxb/cheap-flights-to-strasbourg-airport.html,25701,0
2017-03-14T18:55:13+0000,https://www.skyscanner.net/flights-to/dac/cheap-flights-to-dhaka-airport.html,25701,0
2017-03-14T18:55:13+0000,https://www.skyscanner.net/flights-to/rdu/cheap-flights-to-raleigh---durham-airport.html,25701,0
2017-03-14T18:55:13+0000,https://www.skyscanner.net/flights-to/boj/cheap-flights-to-bourgas-airport.html,25701,0
2017-03-14T18:55:13+0000,https://www.skyscanner.net/flights-to/evn/cheap-flights-to-yerevan-airport.html,25701,0
2017-03-14T18:55:13+0000,https://www.skyscanner.net/flights-to/hav/cheap-flights-to-havana-airport.html,25701,0
2017-03-14T18:55:13+0000,https://www.skyscanner.net/flights-to/rvn/cheap-flights-to-rovaniemi-airport.html,25701,0
2017-03-14T18:55:13+0000,https://www.skyscanner.net/flights-to/dal/cheap-flights-to-dallas-love-field-airport.html,25701,0
2017-03-14T18:55:13+0000,https://www.skyscanner.net/flights-to/las/cheap-flights-to-las-vegas-mccarran-airport.html,25701,0
2017-03-14T18:55:13+0000,https://www.skyscanner.net/flights-to/ktm/cheap-flights-to-kathmandu-airport.html,25701,0
2017-03-14T18:55:13+0000,https://www.skyscanner.net/flights-to/tgd/cheap-flights-to-podgorica-airport.html,25701,0
2017-03-14T18:55:13+0000,https://www.skyscanner.net/flights-to/ala/cheap-flights-to-almaty-airport.html,25701,0
2017-03-14T18:55:13+0000,https://www.skyscanner.net/flights-to/oka/cheap-flights-to-okinawa-naha-airport.html,25701,0
2017-03-14T18:55:13+0000,https://www.skyscanner.net/flights-to/sjj/cheap-flights-to-sarajevo-international-airport.html,25701,0
2017-03-14T18:55:13+0000,https://www.skyscanner.net/flights-to/kiv/cheap-flights-to-chisinau-airport.html,25701,0
2017-03-14T18:55:13+0000,https://www.skyscanner.net/flights-to/tbs/cheap-flights-to-tbilisi-airport.html,25701,0
2017-03-14T18:55:13+0000,https://www.skyscanner.net/flights-to/egc/cheap-flights-to-bergerac-airport.html,25701,0
2017-03-14T18:55:13+0000,https://www.skyscanner.net/flights-to/ika/cheap-flights-to-tehran-imam-khomeini-airport.html,25701,0
2017-03-14T18:55:13+0000,https://www.skyscanner.net/flights-to/cmb/cheap-flights-to-colombo-bandaranayake-airport.html,25701,0
2017-03-14T18:55:13+0000,https://www.skyscanner.net/flights-to/bia/cheap-flights-to-bastia---corsica-airport.html,25701,0
2017-03-14T18:55:13+0000,https://www.skyscanner.net/flights-to/acc/cheap-flights-to-accra-airport.html,25701,0
2017-03-14T18:55:13+0000,https://www.skyscanner.net/flights-to/usm/cheap-flights-to-koh-samui---samui-island-airport.html,25701,0
2017-03-14T18:55:13+0000,https://www.skyscanner.net/flights-to/alg/cheap-flights-to-algiers-airport.html,25701,0
2017-03-14T18:55:13+0000,https://www.skyscanner.net/flights-to/hgh/cheap-flights-to-hangzhou-airport.html,25701,0
2017-03-14T18:55:13+0000,https://www.skyscanner.net/flights-to/dam/cheap-flights-to-damascus-airport.html,25701,0
2017-03-14T18:55:13+0000,https://www.skyscanner.net/flights-to/abj/cheap-flights-to-abidjan-airport.html,25701,0
2017-03-14T18:55:13+0000,https://www.skyscanner.net/flights-to/ecn/cheap-flights-to-ercan-airport.html,25701,0
2017-03-14T18:55:13+0000,https://www.skyscanner.net/flights-to/lde/cheap-flights-to-lourdes-airport.html,25701,0
2017-03-14T18:55:13+0000,https://www.skyscanner.net/flights-to/tos/cheap-flights-to-tromso-airport.html,25701,0
2017-03-14T18:55:13+0000,https://www.skyscanner.net/flights-to/spc/cheap-flights-to-la-palma-airport.html,25701,0
2017-03-14T18:55:13+0000,https://www.skyscanner.net/flights-to/ylw/cheap-flights-to-kelowna-airport.html,25701,0
2017-03-14T18:55:13+0000,https://www.skyscanner.net/flights-to/znz/cheap-flights-to-zanzibar-airport.html,25701,0
2017-03-14T18:55:13+0000,https://www.skyscanner.net/flights-to/lig/cheap-flights-to-limoges-airport.html,25701,0
2017-03-14T18:55:13+0000,https://www.skyscanner.net/flights-to/kir/cheap-flights-to-kerry-airport.html,25701,0
2017-03-14T18:55:13+0000,https://www.skyscanner.net/flights-to/bon/cheap-flights-to-bonaire-airport.html,25701,0
2017-03-14T18:55:13+0000,https://www.skyscanner.net/flights-to/sid/cheap-flights-to-sal-airport.html,25701,0
2017-03-14T18:55:13+0000,https://www.skyscanner.net/flights-to/gib/cheap-flights-to-gibraltar-airport.html,25701,0
2017-03-14T18:55:13+0000,https://www.skyscanner.net/flights-to/kbl/cheap-flights-to-kabul-airport.html,25701,0
2017-03-14T18:55:13+0000,https://www.skyscanner.net/flights-to/ogg/cheap-flights-to-maui-kahului-airport.html,25701,0
2017-03-14T18:55:13+0000,https://www.skyscanner.net/flights-to/jsi/cheap-flights-to-skiathos-island-national-airport.html,25701,0
2017-03-14T18:55:13+0000,https://www.skyscanner.net/flights-to/pnh/cheap-flights-to-phnom-penh-airport.html,25701,0
2017-03-14T18:55:13+0000,https://www.skyscanner.net/flights-to/tse/cheap-flights-to-astana-airport.html,25701,0
2017-03-14T18:55:13+0000,https://www.skyscanner.net/flights-to/mru/cheap-flights-to-mauritius-airport.html,25701,0
2017-03-09T20:55:59+0000,https://www.skyscanner.net/flights-to/lex/cheap-flights-to-lexington-blue-grass-airport.html,65545,0
2017-03-14T18:55:13+0000,https://www.skyscanner.net/flights-to/isu/cheap-flights-to-sulaymaniyah-international-airport.html,25701,0
2017-03-14T18:55:13+0000,https://www.skyscanner.net/flights-to/pkc/cheap-flights-to-petropavlovsk-kamchatsky-airport.html,25701,0
2017-03-14T18:55:13+0000,https://www.skyscanner.net/flights-to/ivl/cheap-flights-to-ivalo-airport.html,25701,0
2017-03-14T18:55:13+0000,https://www.skyscanner.net/flights-to/igr/cheap-flights-to-iguazu-airport.html,25701,0
2017-03-14T18:55:13+0000,https://www.skyscanner.net/flights-to/ebb/cheap-flights-to-entebbe-airport.html,25701,0
2017-03-14T18:55:13+0000,https://www.skyscanner.net/flights-to/boi/cheap-flights-to-boise-airport.html,25701,0
2017-03-14T18:55:13+0000,https://www.skyscanner.net/flights-to/pew/cheap-flights-to-peshawar-airport.html,25701,0
2017-03-14T18:55:13+0000,https://www.skyscanner.net/flights-to/bob/cheap-flights-to-bora-bora-airport.html,25701,0
2017-03-14T18:55:13+0000,https://www.skyscanner.net/flights-to/bcd/cheap-flights-to-bacolod-silay-airport.html,25701,0
2017-03-14T18:55:13+0000,https://www.skyscanner.net/flights-to/wic/cheap-flights-to-wick-airport.html,25701,0
2017-03-14T18:55:13+0000,https://www.skyscanner.net/flights-to/msy/cheap-flights-to-new-orleans-louis-armstrong-airport.html,25701,0
2017-03-14T18:55:13+0000,https://www.skyscanner.net/flights-to/aae/cheap-flights-to-annaba-airport.html,25701,0
2017-03-14T18:55:13+0000,https://www.skyscanner.net/flights-to/tab/cheap-flights-to-tobago-airport.html,25701,0
2017-03-14T18:55:13+0000,https://www.skyscanner.net/flights-to/mdz/cheap-flights-to-mendoza-airport.html,25701,0
2017-03-14T18:55:13+0000,https://www.skyscanner.net/flights-to/iag/cheap-flights-to-niagara-falls-airport.html,25701,0
2017-03-14T18:55:13+0000,https://www.skyscanner.net/flights-to/pdv/cheap-flights-to-plovdiv-airport.html,25701,0
2017-03-14T18:55:13+0000,https://www.skyscanner.net/flights-to/kgl/cheap-flights-to-kigali-airport.html,25701,0
2017-03-14T18:55:13+0000,https://www.skyscanner.net/flights-to/fnj/cheap-flights-to-pyongyang-airport.html,25701,0
2017-03-14T18:55:13+0000,https://www.skyscanner.net/flights-to/dij/cheap-flights-to-dijon-airport.html,25701,0
2017-03-14T18:55:13+0000,https://www.skyscanner.net/flights-to/lyr/cheap-flights-to-longyearbyen-airport.html,25701,0
2017-03-14T18:55:13+0000,https://www.skyscanner.net/flights-to/hga/cheap-flights-to-hargeisa-airport.html,25701,0
2017-03-14T18:55:13+0000,https://www.skyscanner.net/flights-from/ca/cheap-flights-from-canada.html,25701,0
2017-03-14T18:55:13+0000,https://www.skyscanner.net/flights-from/il/cheap-flights-from-israel.html,25701,0
2017-03-08T15:51:04+0000,https://www.skyscanner.net/flights-from/th/cheap-flights-from-thailand.html,0,0
2017-03-14T18:55:13+0000,https://www.skyscanner.net/flights-from/cy/cheap-flights-from-cyprus.html,25701,0
2017-03-14T18:55:13+0000,https://www.skyscanner.net/flights-from/rs/cheap-flights-from-serbia.html,25701,0
2017-03-14T18:55:13+0000,https://www.skyscanner.net/flights-from/hr/cheap-flights-from-croatia.html,25701,0
2017-03-14T18:55:13+0000,https://www.skyscanner.net/flights-from/my/cheap-flights-from-malaysia.html,25701,0
2017-03-14T18:55:13+0000,https://www.skyscanner.net/flights-from/is/cheap-flights-from-iceland.html,25701,0
2017-03-14T18:55:13+0000,https://www.skyscanner.net/flights-from/mx/cheap-flights-from-mexico.html,25701,0
2017-03-14T18:55:13+0000,https://www.skyscanner.net/flights-from/eg/cheap-flights-from-egypt.html,25701,0
2017-03-14T18:55:13+0000,https://www.skyscanner.net/flights-from/au/cheap-flights-from-australia.html,25701,0
2017-01-11T08:57:11+0000,https://www.skyscanner.net/flights-from/sa/cheap-flights-from-saudi-arabia.html,0,0
2017-03-14T18:55:13+0000,https://www.skyscanner.net/flights-from/za/cheap-flights-from-south-africa.html,25701,0
2017-03-14T18:55:13+0000,https://www.skyscanner.net/flights-from/mt/cheap-flights-from-malta.html,25701,0
2017-03-14T18:55:13+0000,https://www.skyscanner.net/flights-from/ph/cheap-flights-from-philippines.html,25701,0
2017-03-14T18:55:13+0000,https://www.skyscanner.net/flights-from/id/cheap-flights-from-indonesia.html,25701,0
2017-03-14T18:55:13+0000,https://www.skyscanner.net/flights-to/efl/cheap-flights-to-argostoli-kefalonia-airport.html,25701,0
2017-03-14T18:55:13+0000,https://www.skyscanner.net/flights-from/fr/cheap-flights-from-france.html,25701,0
2017-03-14T18:55:13+0000,https://www.skyscanner.net/flights-from/dk/cheap-flights-from-denmark.html,25701,0
2017-03-14T18:55:13+0000,https://www.skyscanner.net/flights-from/pt/cheap-flights-from-portugal.html,25701,0
2017-03-14T18:55:13+0000,https://www.skyscanner.net/flights-from/us/cheap-flights-from-united-states.html,25701,0
2017-03-14T18:55:13+0000,https://www.skyscanner.net/flights-from/bg/cheap-flights-from-bulgaria.html,25701,0
2017-03-14T18:55:13+0000,https://www.skyscanner.net/flights-from/lk/cheap-flights-from-sri-lanka.html,25701,0
2017-03-14T18:55:13+0000,https://www.skyscanner.net/flights-from/kh/cheap-flights-from-cambodia.html,25701,0
,https://www.skyscanner.net/flights-from/ve/cheap-flights-from-venezuela.html,0,0
2017-03-14T18:55:13+0000,https://www.skyscanner.net/flights-from/mm/cheap-flights-from-myanmar.html,25701,0
2017-03-14T18:55:13+0000,https://www.skyscanner.net/flights-from/re/cheap-flights-from-reunion.html,25701,0
2017-03-14T18:55:13+0000,https://www.skyscanner.net/flights-from/ie/cheap-flights-from-ireland.html,25701,0
2017-03-14T18:55:13+0000,https://www.skyscanner.net/flights-from/uk/cheap-flights-from-united-kingdom.html,25701,0
2017-01-04T10:13:23+0000,https://www.skyscanner.net/flights-from/es/cheap-flights-from-spain.html,0,0
2017-03-14T18:55:13+0000,https://www.skyscanner.net/flights-from/be/cheap-flights-from-belgium.html,25701,0
2017-03-14T18:55:13+0000,https://www.skyscanner.net/flights-from/gr/cheap-flights-from-greece.html,25701,0
2017-03-14T18:55:13+0000,https://www.skyscanner.net/flights-from/lt/cheap-flights-from-lithuania.html,25701,0
2017-03-14T18:55:13+0000,https://www.skyscanner.net/flights-from/cl/cheap-flights-from-chile.html,25701,0
2017-03-14T18:55:13+0000,https://www.skyscanner.net/flights-from/queen/cheap-flights-from-queensland.html,25701,0
2017-03-14T18:55:13+0000,https://www.skyscanner.net/flights-from/lond/cheap-flights-from-london.html,25701,0
2017-03-14T18:55:13+0000,https://www.skyscanner.net/flights-from/glas/cheap-flights-from-glasgow.html,25701,0
2017-03-14T18:55:13+0000,https://www.skyscanner.net/flights-from/buch/cheap-flights-from-bucharest.html,25701,0
2017-03-14T18:55:13+0000,https://www.skyscanner.net/flights-from/ytoa/cheap-flights-from-toronto.html,25701,0
2017-03-14T18:55:13+0000,https://www.skyscanner.net/flights-from/tyoa/cheap-flights-from-tokyo.html,25701,0
2017-03-14T18:55:13+0000,https://www.skyscanner.net/flights-from/pe/cheap-flights-from-peru.html,25701,0
2017-03-14T18:55:13+0000,https://www.skyscanner.net/flights-from/lcy/cheap-flights-from-london-city-airport.html,25701,0
2017-03-14T18:55:13+0000,https://www.skyscanner.net/flights-from/edi/cheap-flights-from-edinburgh-airport.html,25701,0
2017-03-14T18:55:13+0000,https://www.skyscanner.net/flights-from/waw/cheap-flights-from-warsaw-chopin-airport.html,25701,0
2017-03-14T18:55:13+0000,https://www.skyscanner.net/flights-from/lis/cheap-flights-from-lisbon-airport.html,25701,0
2017-03-14T18:55:13+0000,https://www.skyscanner.net/flights-from/lpl/cheap-flights-from-liverpool-airport.html,25701,0
2017-03-14T18:55:13+0000,https://www.skyscanner.net/flights-from/bud/cheap-flights-from-budapest-airport.html,25701,0
2017-03-14T18:55:13+0000,https://www.skyscanner.net/flights-from/opo/cheap-flights-from-porto-airport.html,25701,0
2017-03-14T18:55:13+0000,https://www.skyscanner.net/flights-from/rix/cheap-flights-from-riga-international-airport.html,25701,0
2017-03-14T18:55:13+0000,https://www.skyscanner.net/flights-from/vie/cheap-flights-from-vienna-airport.html,25701,0
2017-03-14T18:55:13+0000,https://www.skyscanner.net/flights-from/sof/cheap-flights-from-sofia-airport.html,25701,0
2017-03-14T18:55:13+0000,https://www.skyscanner.net/flights-from/abz/cheap-flights-from-aberdeen-airport.html,25701,0
2017-03-14T18:55:13+0000,https://www.skyscanner.net/flights-from/dxb/cheap-flights-from-dubai-airport.html,25701,0
2017-03-14T18:55:13+0000,https://www.skyscanner.net/flights-from/tlv/cheap-flights-from-ben-gurion-intl-airport.html,25701,0
2017-03-14T18:55:13+0000,https://www.skyscanner.net/flights-from/lca/cheap-flights-from-larnaca-airport.html,25701,0
2017-03-14T18:55:13+0000,https://www.skyscanner.net/flights-from/sin/cheap-flights-from-singapore-changi-airport.html,25701,0
2017-03-14T18:55:13+0000,https://www.skyscanner.net/flights-from/hkg/cheap-flights-from-hong-kong-international-airport.html,25701,0
2017-03-09T20:55:59+0000,https://www.skyscanner.net/flights-from/boh/cheap-flights-from-bournemouth-airport.html,65545,0
2017-03-14T18:55:13+0000,https://www.skyscanner.net/flights-from/ext/cheap-flights-from-exeter-airport.html,25701,0
2017-03-14T18:55:13+0000,https://www.skyscanner.net/flights-from/bhx/cheap-flights-from-birmingham-airport.html,25701,0
2017-03-14T18:55:13+0000,https://www.skyscanner.net/flights-from/cwl/cheap-flights-from-cardiff-airport.html,25701,0
2017-03-14T18:55:13+0000,https://www.skyscanner.net/flights-from/stn/cheap-flights-from-london-stansted-airport.html,25701,0
2017-03-14T18:55:13+0000,https://www.skyscanner.net/flights-from/nqy/cheap-flights-from-newquay-airport.html,25701,0
2017-03-14T18:55:13+0000,https://www.skyscanner.net/flights-from/tbs/cheap-flights-from-tbilisi-airport.html,25701,0
2017-03-09T20:55:59+0000,https://www.skyscanner.net/flights-from/prn/cheap-flights-from-pristina-airport.html,65545,0
2017-03-14T18:55:13+0000,https://www.skyscanner.net/flights-from/kep/cheap-flights-from-nepalganj-airport.html,25701,0
2017-03-14T18:55:13+0000,https://www.skyscanner.net/airports/i/airports-in-southeast-asia.html,25701,0
2017-03-14T18:55:13+0000,https://www.skyscanner.net/airports/uk/airports-in-united-kingdom.html,25701,0
2017-03-14T18:55:13+0000,https://www.skyscanner.net/airports/fr/airports-in-france.html,25701,0
2017-03-14T18:55:13+0000,https://www.skyscanner.net/airports/pt/airports-in-portugal.html,25701,0
2017-03-14T18:55:13+0000,https://www.skyscanner.net/airports/es/airports-in-spain.html,25701,0
2017-03-14T18:55:13+0000,https://www.skyscanner.net/airports/hr/airports-in-croatia.html,25701,0
2017-03-14T18:55:13+0000,https://www.skyscanner.net/airports/cu/airports-in-cuba.html,25701,0
2017-03-14T18:55:13+0000,https://www.skyscanner.net/airports/borne/airports-in-borneo.html,25701,0
2017-03-14T18:55:13+0000,https://www.skyscanner.net/airports/tosca/airports-in-tuscany.html,25701,0
2017-03-14T18:55:13+0000,https://www.skyscanner.net/airports/tene/tenerife-airports.html,25701,0
2017-03-14T18:55:13+0000,https://www.skyscanner.net/airports/lgw/london-gatwick-airport.html,25701,0
2017-03-14T18:55:13+0000,https://www.skyscanner.net/airports/blq/bologna-international-airport.html,25701,0
2017-03-14T18:55:13+0000,https://www.skyscanner.net/airports/bri/bari-airport.html,25701,0
2017-03-14T18:55:13+0000,https://www.skyscanner.net/airports/zrh/zurich-airport.html,25701,0
2017-03-14T18:55:13+0000,https://www.skyscanner.net/airports/bll/billund-airport.html,25701,0
2017-03-14T18:55:13+0000,https://www.skyscanner.net/airports/ibz/ibiza-airport.html,25701,0
2017-03-14T18:55:13+0000,https://www.skyscanner.net/airports/ext/exeter-airport.html,25701,0
2017-03-14T18:55:13+0000,https://www.skyscanner.net/airports/gci/guernsey-airport.html,25701,0
2017-03-14T18:55:13+0000,https://www.skyscanner.net/airports/klu/klagenfurt-airport.html,25701,0
2017-03-14T18:55:13+0000,https://www.skyscanner.net/airports/jkh/chios-airport.html,25701,0
2017-03-14T18:55:13+0000,https://www.skyscanner.net/airports/dli/dalat-airport.html,25701,0
2017-03-14T18:55:13+0000,https://www.skyscanner.net/airports/jsr/jessore-airport.html,25701,0
2017-03-14T18:55:13+0000,https://www.skyscanner.net/airports/moq/morondava-airport.html,25701,0
2017-03-14T18:55:13+0000,https://www.skyscanner.net/airports/ane/angers-airport.html,25701,0
2017-03-14T18:55:13+0000,https://www.skyscanner.net/airports/rjh/rajshahi-airport.html,25701,0
2017-03-14T18:55:13+0000,https://www.skyscanner.net/airports/ceg/chester-airport.html,25701,0
2017-03-14T18:55:13+0000,https://www.skyscanner.net/guides/bkkt/bangkok.html,25701,0
2017-03-14T18:55:13+0000,https://www.skyscanner.net/guides/dlm/dalaman.html,25701,0
2017-03-14T18:55:13+0000,https://www.skyscanner.net/guides/lond/london.html,25701,0
2017-03-14T18:55:13+0000,https://www.skyscanner.net/guides/veni/venice.html,25701,0
2017-03-14T18:55:13+0000,https://www.skyscanner.net/hotels/mad/madrid-hotels.html,25701,0
2017-03-14T18:55:13+0000,https://www.skyscanner.net/hotels/nyca/new-york-hotels.html,25701,0
2017-03-14T18:55:13+0000,https://www.skyscanner.net/hotels/alc/alicante-hotels.html,25701,0
2017-03-14T18:55:13+0000,https://www.skyscanner.net/hotels/ista/istanbul-hotels.html,25701,0
2017-03-14T18:55:13+0000,https://www.skyscanner.net/hotels/dxba/dubai-hotels.html,25701,0
2017-03-14T18:55:13+0000,https://www.skyscanner.net/hotels/ace/lanzarote-hotels.html,25701,0
2017-03-14T18:55:13+0000,https://www.skyscanner.net/hotels/ibz/ibiza-hotels.html,25701,0
2017-03-14T18:55:13+0000,https://www.skyscanner.net/hotels/mjv/murcia-hotels.html,25701,0
2017-03-14T18:55:13+0000,https://www.skyscanner.net/hotels/nma/namangan-hotels.html,25701,0
2017-03-14T18:55:13+0000,https://www.skyscanner.net/hotels/cdt/castellon-de-la-plana-hotels.html,25701,0
2017-03-14T18:55:13+0000,https://www.skyscanner.net/routes/mela/syd/melbourne-to-sydney-kingsford-smith.html,25701,0
2017-03-14T18:55:13+0000,https://www.skyscanner.net/routes/lgw/nyca/london-gatwick-to-new-york.html,25701,0
2017-03-14T18:55:13+0000,https://www.skyscanner.net/routes/stn/nyca/london-stansted-to-new-york.html,25701,0
2017-03-14T18:55:13+0000,https://www.skyscanner.net/routes/lond/nyca/london-to-new-york.html,25701,0
2017-03-14T18:55:13+0000,https://www.skyscanner.net/routes/lhr/ams/london-heathrow-to-amsterdam.html,25701,0
2017-03-14T18:55:13+0000,https://www.skyscanner.net/routes/lond/ams/london-to-amsterdam.html,25701,0
2017-03-14T18:55:13+0000,https://www.skyscanner.net/routes/lond/dub/london-to-dublin.html,25701,0
2017-03-14T18:55:13+0000,https://www.skyscanner.net/routes/ltn/dub/london-luton-to-dublin.html,25701,0
2017-03-14T18:55:13+0000,https://www.skyscanner.net/routes/saoa/rioa/sao-paulo-to-rio-de-janeiro.html,25701,0
2017-03-14T18:55:13+0000,https://www.skyscanner.net/routes/bkkt/hkt/bangkok-to-phuket.html,25701,0
2017-03-14T18:55:13+0000,https://www.skyscanner.net/routes/hkt/bkkt/phuket-to-bangkok.html,25701,0
2017-03-14T18:55:13+0000,https://www.skyscanner.net/routes/lax/nyca/los-angeles-international-to-new-york.html,25701,0
2017-03-14T18:55:13+0000,https://www.skyscanner.net/routes/spka/tyoa/sapporo-to-tokyo.html,25701,0
2017-03-14T18:55:13+0000,https://www.skyscanner.net/routes/cju/sela/jeju-to-seoul.html,25701,0
2017-03-14T18:55:13+0000,https://www.skyscanner.net/routes/lond/lax/london-to-los-angeles-international.html,25701,0
2017-03-14T18:55:13+0000,https://www.skyscanner.net/routes/lhr/lax/london-heathrow-to-los-angeles-international.html,25701,0
2017-03-14T18:55:13+0000,https://www.skyscanner.net/routes/tyoa/osaa/tokyo-to-osaka.html,25701,0
2017-03-14T18:55:13+0000,https://www.skyscanner.net/routes/lond/bkkt/london-to-bangkok.html,25701,0
2017-03-14T18:55:13+0000,https://www.skyscanner.net/routes/lhr/mad/london-heathrow-to-madrid.html,25701,0
2017-03-14T18:55:13+0000,https://www.skyscanner.net/routes/lond/edi/london-to-edinburgh.html,25701,0
2017-03-14T18:55:13+0000,https://www.skyscanner.net/routes/cnx/bkkt/chiang-mai-to-bangkok.html,25701,0
2017-03-14T18:55:13+0000,https://www.skyscanner.net/routes/edi/lgw/edinburgh-to-london-gatwick.html,25701,0
2017-03-14T18:55:13+0000,https://www.skyscanner.net/routes/edi/lond/edinburgh-to-london.html,25701,0
2017-03-14T18:55:13+0000,https://www.skyscanner.net/routes/lond/lis/london-to-lisbon.html,25701,0
2017-03-14T18:55:13+0000,https://www.skyscanner.net/routes/kulm/sin/kuala-lumpur-to-singapore-changi.html,25701,0
2017-03-14T18:55:13+0000,https://www.skyscanner.net/routes/lond/agp/london-to-malaga.html,25701,0
2017-03-14T18:55:13+0000,https://www.skyscanner.net/routes/mosc/led/moscow-to-st-petersburg-pulkovo.html,25701,0
2017-03-14T18:55:13+0000,https://www.skyscanner.net/routes/tyoa/oka/tokyo-to-okinawa-naha.html,25701,0
2017-03-14T18:55:13+0000,https://www.skyscanner.net/routes/nyca/bos/new-york-to-boston-logan-international.html,25701,0
2017-03-14T18:55:13+0000,https://www.skyscanner.net/routes/bkk/sin/bangkok-suvarnabhumi-to-singapore-changi.html,25701,0
2017-03-14T18:55:13+0000,https://www.skyscanner.net/routes/glas/lhr/glasgow-to-london-heathrow.html,25701,0
2017-03-14T18:55:13+0000,https://www.skyscanner.net/routes/mad/bcn/madrid-to-barcelona.html,25701,0
2017-03-14T18:55:13+0000,https://www.skyscanner.net/routes/sela/tyoa/seoul-to-tokyo.html,25701,0
2017-03-14T18:55:13+0000,https://www.skyscanner.net/routes/lgw/fll/london-gatwick-to-fort-lauderdale-international.html,25701,0
2017-03-14T18:55:13+0000,https://www.skyscanner.net/routes/kulm/bki/kuala-lumpur-to-kota-kinabalu.html,25701,0
2017-03-14T18:55:13+0000,https://www.skyscanner.net/routes/bkkt/hkg/bangkok-to-hong-kong-international.html,25701,0
2017-03-09T20:55:59+0000,https://www.skyscanner.net/routes/nyca/seaa/new-york-to-seattle.html,65545,0
2017-03-14T18:55:13+0000,https://www.skyscanner.net/routes/man/agp/manchester-to-malaga.html,25701,0
2017-03-14T18:55:13+0000,https://www.skyscanner.net/routes/hkg/bkkt/hong-kong-international-to-bangkok.html,25701,0
2017-03-14T18:55:13+0000,https://www.skyscanner.net/routes/lond/del/london-to-new-delhi.html,25701,0
2017-03-14T18:55:13+0000,https://www.skyscanner.net/routes/ltn/fao/london-luton-to-faro.html,25701,0
2017-03-14T18:55:13+0000,https://www.skyscanner.net/routes/lond/orlb/london-to-orlando.html,25701,0
2017-03-14T18:55:13+0000,https://www.skyscanner.net/routes/lhr/orlb/london-heathrow-to-orlando.html,25701,0
2017-03-14T18:55:13+0000,https://www.skyscanner.net/routes/lond/tene/london-to-tenerife.html,25701,0
2017-03-14T18:55:13+0000,https://www.skyscanner.net/routes/lhr/oslo/london-heathrow-to-oslo.html,25701,0
2017-03-14T18:55:13+0000,https://www.skyscanner.net/routes/lond/ath/london-to-athens-international.html,25701,0
2017-03-14T18:55:13+0000,https://www.skyscanner.net/routes/bhx/ams/birmingham-to-amsterdam.html,25701,0
2017-03-14T18:55:13+0000,https://www.skyscanner.net/routes/lgw/veni/london-gatwick-to-venice.html,25701,0
2017-03-14T18:55:13+0000,https://www.skyscanner.net/routes/stn/ath/london-stansted-to-athens-international.html,25701,0
2017-03-14T18:55:13+0000,https://www.skyscanner.net/routes/man/nyca/manchester-to-new-york.html,25701,0
2017-03-14T18:55:13+0000,https://www.skyscanner.net/routes/lond/prg/london-to-prague.html,25701,0
2017-03-14T18:55:13+0000,https://www.skyscanner.net/routes/lond/vie/london-to-vienna.html,25701,0
2017-03-14T18:55:13+0000,https://www.skyscanner.net/routes/lond/tyoa/london-to-tokyo.html,25701,0
2017-03-14T18:55:13+0000,https://www.skyscanner.net/routes/lond/tela/london-to-tel-aviv.html,25701,0
2017-03-14T18:55:13+0000,https://www.skyscanner.net/routes/lond/bud/london-to-budapest.html,25701,0
2017-03-14T18:55:13+0000,https://www.skyscanner.net/routes/lond/lca/london-to-larnaca.html,25701,0
2017-03-14T18:55:13+0000,https://www.skyscanner.net/routes/stn/tela/london-stansted-to-tel-aviv.html,25701,0
2017-03-14T18:55:13+0000,https://www.skyscanner.net/routes/lgw/bud/london-gatwick-to-budapest.html,25701,0
2017-03-14T18:55:13+0000,https://www.skyscanner.net/routes/ltn/duss/london-luton-to-dusseldorf.html,25701,0
2017-03-14T18:55:13+0000,https://www.skyscanner.net/routes/lond/hel/london-to-helsinki-vantaa.html,25701,0
2017-03-14T18:55:13+0000,https://www.skyscanner.net/routes/stn/nrn/london-stansted-to-weeze.html,25701,0
2017-03-14T18:55:13+0000,https://www.skyscanner.net/routes/bhx/dub/birmingham-to-dublin.html,25701,0
2017-03-14T18:55:13+0000,https://www.skyscanner.net/routes/bhx/agp/birmingham-to-malaga.html,25701,0
2017-03-14T18:55:13+0000,https://www.skyscanner.net/routes/abz/lond/aberdeen-to-london.html,25701,0
2017-03-14T18:55:13+0000,https://www.skyscanner.net/routes/lond/buch/london-to-bucharest.html,25701,0
2017-03-14T18:55:13+0000,https://www.skyscanner.net/routes/lond/bjsa/london-to-beijing.html,25701,0
2017-03-14T18:55:13+0000,https://www.skyscanner.net/routes/ltn/ace/london-luton-to-lanzarote.html,25701,0
2017-03-14T18:55:13+0000,https://www.skyscanner.net/routes/lond/phl/london-to-philadelphia-international.html,25701,0
2017-03-14T18:55:13+0000,https://www.skyscanner.net/routes/lhr/mnl/london-heathrow-to-manila-ninoy-aquino.html,25701,0
2017-03-14T18:55:13+0000,https://www.skyscanner.net/routes/lond/reyk/london-to-reykjavik.html,25701,0
2017-03-14T18:55:13+0000,https://www.skyscanner.net/routes/lhr/reyk/london-heathrow-to-reykjavik.html,25701,0
2017-03-14T18:55:13+0000,https://www.skyscanner.net/routes/lond/sela/london-to-seoul.html,25701,0
2017-03-14T18:55:13+0000,https://www.skyscanner.net/routes/bhx/syd/birmingham-to-sydney-kingsford-smith.html,25701,0
2017-03-14T18:55:13+0000,https://www.skyscanner.net/routes/lond/houa/london-to-houston.html,25701,0
2017-03-14T18:55:13+0000,https://www.skyscanner.net/routes/lond/seaa/london-to-seattle.html,25701,0
2017-03-14T18:55:13+0000,https://www.skyscanner.net/routes/lond/brus/london-to-brussels.html,25701,0
2017-03-14T18:55:13+0000,https://www.skyscanner.net/routes/lond/jer/london-to-jersey.html,25701,0
2017-03-14T18:55:13+0000,https://www.skyscanner.net/routes/man/ace/manchester-to-lanzarote.html,25701,0
2017-03-14T18:55:13+0000,https://www.skyscanner.net/routes/lond/blq/london-to-bologna-international.html,25701,0
2017-03-14T18:55:13+0000,https://www.skyscanner.net/routes/lond/cun/london-to-cancun.html,25701,0
2017-03-14T18:55:13+0000,https://www.skyscanner.net/routes/belf/man/belfast-to-manchester.html,25701,0
2017-03-14T18:55:13+0000,https://www.skyscanner.net/routes/lhr/ace/london-heathrow-to-lanzarote.html,25701,0
2017-03-14T18:55:13+0000,https://www.skyscanner.net/routes/lond/los/london-to-lagos.html,25701,0
2017-03-14T18:55:13+0000,https://www.skyscanner.net/routes/ncl/ams/newcastle-to-amsterdam.html,25701,0
2017-03-14T18:55:13+0000,https://www.skyscanner.net/routes/lond/vlc/london-to-valencia.html,25701,0
2017-03-14T18:55:13+0000,https://www.skyscanner.net/routes/lond/ncl/london-to-newcastle.html,25701,0
2017-03-14T18:55:13+0000,https://www.skyscanner.net/routes/belf/glas/belfast-to-glasgow.html,25701,0
2017-03-14T18:55:13+0000,https://www.skyscanner.net/routes/lond/nboa/london-to-nairobi.html,25701,0
2017-03-14T18:55:13+0000,https://www.skyscanner.net/routes/lhr/akl/london-heathrow-to-auckland-international.html,25701,0
2017-03-14T18:55:13+0000,https://www.skyscanner.net/routes/lgw/krk/london-gatwick-to-krakow.html,25701,0
2017-03-14T18:55:13+0000,https://www.skyscanner.net/routes/lond/inv/london-to-inverness.html,25701,0
2017-03-14T18:55:13+0000,https://www.skyscanner.net/routes/edi/dub/edinburgh-to-dublin.html,25701,0
2017-02-14T14:35:04+0000,https://www.skyscanner.net/routes/glas/nyca/glasgow-to-new-york.html,0,0
2017-03-14T18:55:13+0000,https://www.skyscanner.net/routes/pik/nyca/glasgow-prestwick-to-new-york.html,25701,0
2017-03-14T18:55:13+0000,https://www.skyscanner.net/routes/lond/maa/london-to-chennai.html,25701,0
2017-03-14T18:55:13+0000,https://www.skyscanner.net/routes/lond/dps/london-to-bali-(denpasar).html,25701,0
2017-03-14T18:55:13+0000,https://www.skyscanner.net/routes/lba/agp/leeds-bradford-to-malaga.html,25701,0
2017-03-14T18:55:13+0000,https://www.skyscanner.net/routes/man/berl/manchester-to-berlin.html,25701,0
2017-03-14T18:55:13+0000,https://www.skyscanner.net/routes/man/bkkt/manchester-to-bangkok.html,25701,0
2017-03-14T18:55:13+0000,https://www.skyscanner.net/routes/bcn/lond/barcelona-to-london.html,25701,0
2016-11-17T21:56:13+0000,https://www.skyscanner.net/routes/lhr/vno/london-heathrow-to-vilnius.html,0,0
2017-03-14T18:55:13+0000,https://www.skyscanner.net/routes/lond/msy/london-to-new-orleans-louis-armstrong.html,25701,0
2017-03-14T18:55:13+0000,https://www.skyscanner.net/routes/lgw/msy/london-gatwick-to-new-orleans-louis-armstrong.html,25701,0
2017-03-14T18:55:13+0000,https://www.skyscanner.net/routes/lond/hkt/london-to-phuket.html,25701,0
2017-03-14T18:55:13+0000,https://www.skyscanner.net/routes/lond/buea/london-to-buenos-aires.html,25701,0
2017-03-14T18:55:13+0000,https://www.skyscanner.net/routes/man/mla/manchester-to-luqa-malta-international.html,25701,0
2017-03-14T18:55:13+0000,https://www.skyscanner.net/routes/man/bma/manchester-to-stockholm-bromma.html,25701,0
2017-03-14T18:55:13+0000,https://www.skyscanner.net/routes/lond/dlm/london-to-dalaman.html,25701,0
2017-03-14T18:55:13+0000,https://www.skyscanner.net/routes/man/ayt/manchester-to-antalya.html,25701,0
2017-03-14T18:55:13+0000,https://www.skyscanner.net/routes/lond/flr/london-to-florence.html,25701,0
2017-03-14T18:55:13+0000,https://www.skyscanner.net/routes/lond/skg/london-to-thessaloniki.html,25701,0
2017-03-14T18:55:13+0000,https://www.skyscanner.net/routes/sou/glas/southampton-to-glasgow.html,25701,0
2017-03-14T18:55:13+0000,https://www.skyscanner.net/routes/lond/bne/london-to-brisbane.html,25701,0
2017-03-14T18:55:13+0000,https://www.skyscanner.net/routes/lond/khi/london-to-karachi.html,25701,0
2017-03-14T18:55:13+0000,https://www.skyscanner.net/routes/lond/rioa/london-to-rio-de-janeiro.html,25701,0
2017-03-14T18:55:13+0000,https://www.skyscanner.net/routes/edi/bcn/edinburgh-to-barcelona.html,25701,0
2017-03-14T18:55:13+0000,https://www.skyscanner.net/routes/ltn/wro/london-luton-to-wroclaw.html,25701,0
2017-03-14T18:55:13+0000,https://www.skyscanner.net/routes/man/mad/manchester-to-madrid.html,25701,0
2017-03-14T18:55:13+0000,https://www.skyscanner.net/routes/lond/wro/london-to-wroclaw.html,25701,0
2017-03-14T18:55:13+0000,https://www.skyscanner.net/routes/lond/han/london-to-hanoi.html,25701,0
2017-03-14T18:55:13+0000,https://www.skyscanner.net/routes/lhr/per/london-heathrow-to-perth.html,25701,0
2017-03-14T18:55:13+0000,https://www.skyscanner.net/routes/lgw/per/london-gatwick-to-perth.html,25701,0
2017-03-14T18:55:13+0000,https://www.skyscanner.net/routes/lond/dac/london-to-dhaka.html,25701,0
2017-03-14T18:55:13+0000,https://www.skyscanner.net/routes/lba/lgw/leeds-bradford-to-london-gatwick.html,25701,0
2017-03-14T18:55:13+0000,https://www.skyscanner.net/routes/lond/lju/london-to-ljubljana.html,25701,0
2017-03-09T20:55:59+0000,https://www.skyscanner.net/routes/edi/man/edinburgh-to-manchester.html,65545,0
2017-03-14T18:55:13+0000,https://www.skyscanner.net/routes/lpl/ams/liverpool-to-amsterdam.html,25701,0
2017-03-14T18:55:13+0000,https://www.skyscanner.net/routes/lond/add/london-to-addis-ababa.html,25701,0
2017-03-14T18:55:13+0000,https://www.skyscanner.net/routes/lhr/yow/london-heathrow-to-ottawa-international.html,25701,0
2017-03-14T18:55:13+0000,https://www.skyscanner.net/routes/cph/lond/copenhagen-to-london.html,25701,0
2017-03-14T18:55:13+0000,https://www.skyscanner.net/routes/lgw/szg/london-gatwick-to-salzburg.html,25701,0
2017-03-14T18:55:13+0000,https://www.skyscanner.net/routes/brs/bcn/bristol-to-barcelona.html,25701,0
2017-03-14T18:55:13+0000,https://www.skyscanner.net/routes/lond/pmo/london-to-palermo.html,25701,0
2017-03-14T18:55:13+0000,https://www.skyscanner.net/routes/man/ext/manchester-to-exeter.html,25701,0
2017-03-14T18:55:13+0000,https://www.skyscanner.net/routes/ema/belf/east-midlands-to-belfast.html,25701,0
2017-03-14T18:55:13+0000,https://www.skyscanner.net/routes/lhr/tsr/london-heathrow-to-timisoara.html,25701,0
2017-03-14T18:55:13+0000,https://www.skyscanner.net/routes/lond/ias/london-to-iasi.html,25701,0
2017-03-14T18:55:13+0000,https://www.skyscanner.net/routes/edi/chia/edinburgh-to-chicago.html,25701,0
2017-03-14T18:55:13+0000,https://www.skyscanner.net/routes/ncl/sou/newcastle-to-southampton.html,25701,0
2017-03-14T18:55:13+0000,https://www.skyscanner.net/routes/sou/gci/southampton-to-guernsey.html,25701,0
2017-03-14T18:55:13+0000,https://www.skyscanner.net/routes/glas/berl/glasgow-to-berlin.html,25701,0
2016-10-27T20:37:28+0000,https://www.skyscanner.net/routes/lond/lim/london-to-lima.html,0,0
2017-03-14T18:55:13+0000,https://www.skyscanner.net/routes/cwl/ams/cardiff-to-amsterdam.html,25701,0
2017-03-14T18:55:13+0000,https://www.skyscanner.net/routes/rome/lond/rome-to-london.html,25701,0
2016-10-17T20:23:30+0000,https://www.skyscanner.net/routes/man/reyk/manchester-to-reykjavik.html,0,0
2017-03-14T18:55:13+0000,https://www.skyscanner.net/routes/man/ath/manchester-to-athens-international.html,25701,0
2017-03-14T18:55:13+0000,https://www.skyscanner.net/routes/lond/goa/london-to-genoa.html,25701,0
2017-03-14T18:55:13+0000,https://www.skyscanner.net/routes/gva/lond/geneva-to-london.html,25701,0
2017-03-14T18:55:13+0000,https://www.skyscanner.net/routes/cwl/dub/cardiff-to-dublin.html,25701,0
2017-03-14T18:55:13+0000,https://www.skyscanner.net/routes/lond/kiv/london-to-chisinau.html,25701,0
2017-03-14T18:55:13+0000,https://www.skyscanner.net/routes/abz/nyca/aberdeen-to-new-york.html,25701,0
2017-03-14T18:55:13+0000,https://www.skyscanner.net/routes/lond/bts/london-to-bratislava.html,25701,0
2017-03-14T18:55:13+0000,https://www.skyscanner.net/routes/lond/brq/london-to-brno-turany.html,25701,0
2017-03-14T18:55:13+0000,https://www.skyscanner.net/routes/bhx/buch/birmingham-to-bucharest.html,25701,0
2017-03-14T18:55:13+0000,https://www.skyscanner.net/routes/bhx/prg/birmingham-to-prague.html,25701,0
2017-03-14T18:55:13+0000,https://www.skyscanner.net/routes/lond/sjoa/london-to-san-jose.html,25701,0
2017-03-14T18:55:13+0000,https://www.skyscanner.net/routes/lond/ktm/london-to-kathmandu.html,25701,0
2017-03-09T20:55:59+0000,https://www.skyscanner.net/routes/brs/rome/bristol-to-rome.html,65545,0
2017-03-14T18:55:13+0000,https://www.skyscanner.net/routes/stoc/lond/stockholm-to-london.html,25701,0
2017-03-14T18:55:13+0000,https://www.skyscanner.net/routes/bhx/lis/birmingham-to-lisbon.html,25701,0
2017-03-14T18:55:13+0000,https://www.skyscanner.net/routes/dxb/lond/dubai-to-london.html,25701,0
2017-03-14T18:55:13+0000,https://www.skyscanner.net/routes/man/lhe/manchester-to-lahore.html,25701,0
2017-03-14T18:55:13+0000,https://www.skyscanner.net/routes/cwl/alc/cardiff-to-alicante.html,25701,0
2017-03-14T18:55:13+0000,https://www.skyscanner.net/routes/fran/lond/frankfurt-to-london.html,25701,0
2017-03-14T18:55:13+0000,https://www.skyscanner.net/routes/bhx/ork/birmingham-to-cork.html,25701,0
2017-03-14T18:55:13+0000,https://www.skyscanner.net/routes/lond/tbs/london-to-tbilisi.html,25701,0
2017-03-14T18:55:13+0000,https://www.skyscanner.net/routes/glas/bos/glasgow-to-boston-logan-international.html,25701,0
